Workbook
Name _BDo1: [1]Summary!$AN$18:$AN$120
Name _BDo2: [1]Summary!$AO$18:$AO$120
Name _RBO1: [1]Summary!$X$18:$X$120
Name _RBO2: [1]Summary!$Y$18:$Y$120
Name _TBO1: [1]Summary!$AU$18:$AU$120
Name _TBO2: [1]Summary!$AV$18:$AV$120
Name ä: [1]Reserves!$EG$19
Name AccumEstateEnd: [1]ProfitTest!$AW$6
Name AddRsv: [1]NegProfitRes!$CH$18:$CH$120
Name äFPT: [1]Reserves!$EG$20
Name äFPTSurrVal: [1]Reserves!$FX$20
Name Age: [1]Basic!$C$4
Name äSurrVal: [1]Reserves!$FX$19
Name Avg_Exp: [1]Basic!$C$59
Name AvgExpChoice: [1]Basic!$C$58
Name AxtDDRsv: [1]Reserves!$EB$18:$EB$120
Name AxtDeathRsv: [1]Reserves!$DZ$18:$DZ$120
Name AxtDeathSurrVal: [1]Reserves!$FP$18:$FP$120
Name AxtMixed: [1]Reserves!$FV$18:$FV$120
Name AxtO1Rsv: [1]Reserves!$EC$18:$EC$120
Name AxtO2Rsv: [1]Reserves!$FT$18:$FT$120
Name äxtRsv: [1]Reserves!$EG$19:$EG$120
Name äxtSurrVal: [1]Reserves!$FX$19:$FX$120
Name AxtTPDRsv: [1]Reserves!$EA$18:$EA$120
Name BDDD: [1]Summary!$AM$18:$AM$120
Name BDDeath: [1]Summary!$AK$18:$AK$120
Name BDMaturity: [1]Summary!$AP$18:$AP$120
Name BDSurrender: [1]Summary!$AQ$18:$AQ$120
Name BDTPD: [1]Summary!$AL$18:$AL$120
Name BIPSPremium: [1]BIPS!$D$10
Name BIPSSumAssured: [1]BIPS!$D$7
Name Bonus_Table: [1]Advanced!$EP$6:$FS$125
Name BreakevenYr: [1]Yield!$K$15
Name CashBonus: [1]Summary!$T$18:$T$120
Name ClmO1_Sens: [1]SENSI!$C$13
Name ClmO2_Sens: [1]SENSI!$C$14
Name Clms_Ben: [1]Advanced!$ED$6:$EN$125
Name Commission: [1]Summary!$D$18:$D$120
Name CurrentAge: [1]Summary!$B$18:$B$120
Name D_Dec: [1]Basic!$E$105
Name DD_Dec: [1]Basic!$E$107
Name DD_Sense: [1]SENSI!$C$12
Name DD_Sts: [1]Basic!$C$13
Name Dth_Sts: [1]Basic!$C$9
Name EV: [1]ProfitTest!$AT$15
Name EV_End: [1]ProfitTest!$AT$6
Name Exp_Sens: [1]SENSI!$C$15
Name GPVAB: [1]Reserves!$K$18:$K$120
Name GPVBB: [1]Reserves!$J$18:$J$120
Name GPVSA: [1]Reserves!$I$18:$I$120
Name GrossPremium: [1]Summary!$C$18:$C$120
Name Infl: [1]Basic!$C$56
Name Infl_St: [1]Basic!$C$57
Name Init_DD: [1]Advanced!$EI$6
Name Init_O1: [1]Advanced!$EK$6
Name Init_O2: [1]Advanced!$EM$6
Name init_sa: [1]Advanced!$EE$6
Name Init_TPD: [1]Advanced!$EG$6
Name InitExp_Pm: [1]Basic!$C$53
Name InitExp_PP: [1]Basic!$C$54

Sheet Q-Rates
F1: Selection Factor | G1: 1 | H1: =G1 -> 1 | I1: 1 | J1: =I1 -> 1 | K1: 1 | L1: =K1 -> 1
B2: Mortality and Morbidity Tables | F2: GIO Loading | H2: 0 | AO2: Lapse Tables | AV2: Lapse Tables | BC2: Selection Factors
F4: Mort Load | G4: 0.9 | H4: =G4 -> 0.9
F5: TPD Load | G5: 1.2 | H5: =G5 -> 1.2 | I5: 1 | J5: =I5 -> 1 | K5: =90%/80% -> 1.125 | L5: =K5 -> 1.125
B6: Age | C6: 1 | D6: =C6+1 -> 2 | E6: =D6+1 -> 3 | F6: =E6+1 -> 4 | G6: =F6+1 -> 5 | H6: =G6+1 -> 6 | I6: =H6+1 -> 7 | J6: =I6+1 -> 8 | K6: =J6+1 -> 9 | ... AL6: =AK6+1 -> 36 | AO6: Year | AP6: 1 | AQ6: =AP6+1 -> 2 | AR6: =AQ6+1 -> 3 | AS6: =AR6+1 -> 4 | AT6: =AS6+1 -> 5 | AV6: Year | AW6: 1 | AX6: =AW6+1 -> 2 | AY6: =AX6+1 -> 3 | AZ6: =AY6+1 -> 4 | BA6: =AZ6+1 -> 5 | BC6: Year | BD6: 1 | BE6: =BD6+1 -> 2
C7: CSO 1980m Last BD | D7: CSO 1980f Last BD | E7: Combined RI Rate - M | F7: Combined RI Rate - F | G7: 90% Combined RI + 120% TPD - M | H7: 90% Combined RI + 120% TPD - F | I7: Combined ADB RI M | J7: Combined ADB RI F | K7: Combined CI Rate M | L7: Combined CI Rate F | M7: Death - M | N7: Death - F | O7: TPD - M | P7: TPD - F | Q7: ADB - M | R7: ADB - F | S7: CI - M | T7: CI - M | AL7: NULL
B8: 0 | C8: 0.00263 | D8: 0.00188 | E8: 0.001818 | F8: 0.001402 | G8: =(M8*($G$4+$H$2)+$G$5*O8)*(IF(B8>=Age,$G$1*VLOOKUP('Q-Rates'!B8-Age+1,'Q-Rates'!$BC$8:$BD$128,2,0),1)) -> 0 | H8: =(N8*($H$4+$H$2)+$H$5*P8)*(IF(B8>=Age,$G$1*VLOOKUP('Q-Rates'!B8-Age+1,'Q-Rates'!$BC$8:$BD$128,2,0),1)) -> 0 | I8: =(Q8*$I$5) -> 0 | J8: =(R8*$J$5) -> 0 | K8: =(S8*$K$5)*(IF(B8>=Age,$K$1*VLOOKUP('Q-Rates'!B8-Age+1,'Q-Rates'!$BC$8:$BD$128,2,0),1)) -> 0 | L8: =(T8*$L$5)*(IF(B8>=Age,$L$1*VLOOKUP('Q-Rates'!B8-Age+1,'Q-Rates'!$BC$8:$BD$128,2,0),1)) -> 0 | AL8: 0 | AO8: 1 | AP8: 0.03 | AQ8: 0.25 | AR8: =IF($AO8>[1]Basic!$D$29,0,VLOOKUP(MIN($AO8,6),[1]Specs!$Q$5:$R$11,2,0)) -> 0.25 | AS8: 0.25 | AT8: =IF(AO8>PolicyTerm-2,0,3%) -> 0.03 | AV8: 1 | AW8: =AP8*Lapse_Sens -> 0.03 | AX8: =AQ8*Lapse_Sens -> 0.25 | AY8: =AR8*Lapse_Sens -> 0.25 | AZ8: =AS8*Lapse_Sens -> 0.25 | BA8: =AT8*Lapse_Sens -> 0.03 | BC8: 1 | BD8: 0.5
B9: =B8+1 -> 1 | C9: 0.00103 | D9: 0.00084 | E9: 0.00147 | F9: 0.001104 | G9: =(M9*($G$4+$H$2)+$G$5*O9)*(IF(B9>=Age,$G$1*VLOOKUP('Q-Rates'!B9-Age+1,'Q-Rates'!$BC$8:$BD$128,2,0),1)) -> 0 | H9: =(N9*($H$4+$H$2)+$H$5*P9)*(IF(B9>=Age,$G$1*VLOOKUP('Q-Rates'!B9-Age+1,'Q-Rates'!$BC$8:$BD$128,2,0),1)) -> 0 | I9: =(Q9*$I$5) -> 0 | J9: =(R9*$J$5) -> 0 | K9: =(S9*$K$5)*(IF(B9>=Age,$K$1*VLOOKUP('Q-Rates'!B9-Age+1,'Q-Rates'!$BC$8:$BD$128,2,0),1)) -> 0 | L9: =(T9*$L$5)*(IF(B9>=Age,$L$1*VLOOKUP('Q-Rates'!B9-Age+1,'Q-Rates'!$BC$8:$BD$128,2,0),1)) -> 0 | AL9: 0 | AO9: =AO8+1 -> 2 | AP9: 0.03 | AQ9: 0.18 | AR9: =IF($AO9>[1]Basic!$D$29,0,VLOOKUP(MIN($AO9,6),[1]Specs!$Q$5:$R$11,2,0)) -> 0.15 | AS9: 0.2 | AT9: =IF(AO9>PolicyTerm-2,0,3%) -> 0.03 | AV9: =AV8+1 -> 2 | AW9: =AP9*Lapse_Sens -> 0.03 | AX9: =AQ9*Lapse_Sens -> 0.18 | AY9: =AR9*Lapse_Sens -> 0.15 | AZ9: =AS9*Lapse_Sens -> 0.2 | BA9: =AT9*Lapse_Sens -> 0.03 | BC9: =BC8+1 -> 2 | BD9: =BD8+10% -> 0.6
B10: =B9+1 -> 2 | C10: 0.00099 | D10: 0.0008 | E10: 0.001374 | F10: 0.001022 | G10: =(M10*($G$4+$H$2)+$G$5*O10)*(IF(B10>=Age,$G$1*VLOOKUP('Q-Rates'!B10-Age+1,'Q-Rates'!$BC$8:$BD$128,2,0),1)) -> 0 | H10: =(N10*($H$4+$H$2)+$H$5*P10)*(IF(B10>=Age,$G$1*VLOOKUP('Q-Rates'!B10-Age+1,'Q-Rates'!$BC$8:$BD$128,2,0),1)) -> 0 | I10: =(Q10*$I$5) -> 0 | J10: =(R10*$J$5) -> 0 | K10: =(S10*$K$5)*(IF(B10>=Age,$K$1*VLOOKUP('Q-Rates'!B10-Age+1,'Q-Rates'!$BC$8:$BD$128,2,0),1)) -> 0 | L10: =(T10*$L$5)*(IF(B10>=Age,$L$1*VLOOKUP('Q-Rates'!B10-Age+1,'Q-Rates'!$BC$8:$BD$128,2,0),1)) -> 0 | AL10: 0 | AO10: =AO9+1 -> 3 | AP10: 0.03 | AQ10: 0.12 | AR10: =IF($AO10>[1]Basic!$D$29,0,VLOOKUP(MIN($AO10,6),[1]Specs!$Q$5:$R$11,2,0)) -> 0.12 | AS10: 0.15 | AT10: =IF(AO10>PolicyTerm-2,0,3%) -> 0.03 | AV10: =AV9+1 -> 3 | AW10: =AP10*Lapse_Sens -> 0.03 | AX10: =AQ10*Lapse_Sens -> 0.12 | AY10: =AR10*Lapse_Sens -> 0.12 | AZ10: =AS10*Lapse_Sens -> 0.15 | BA10: =AT10*Lapse_Sens -> 0.03 | BC10: =BC9+1 -> 3 | BD10: =BD9+10% -> 0.7
B11: =B10+1 -> 3 | C11: 0.00097 | D11: 0.00078 | E11: 0.001276 | F11: 0.000944 | G11: =(M11*($G$4+$H$2)+$G$5*O11)*(IF(B11>=Age,$G$1*VLOOKUP('Q-Rates'!B11-Age+1,'Q-Rates'!$BC$8:$BD$128,2,0),1)) -> 0 | H11: =(N11*($H$4+$H$2)+$H$5*P11)*(IF(B11>=Age,$G$1*VLOOKUP('Q-Rates'!B11-Age+1,'Q-Rates'!$BC$8:$BD$128,2,0),1)) -> 0 | I11: =(Q11*$I$5) -> 0 | J11: =(R11*$J$5) -> 0 | K11: =(S11*$K$5)*(IF(B11>=Age,$K$1*VLOOKUP('Q-Rates'!B11-Age+1,'Q-Rates'!$BC$8:$BD$128,2,0),1)) -> 0 | L11: =(T11*$L$5)*(IF(B11>=Age,$L$1*VLOOKUP('Q-Rates'!B11-Age+1,'Q-Rates'!$BC$8:$BD$128,2,0),1)) -> 0 | AL11: 0 | AO11: =AO10+1 -> 4 | AP11: 0 | AQ11: 0.08 | AR11: =IF($AO11>[1]Basic!$D$29,0,VLOOKUP(MIN($AO11,6),[1]Specs!$Q$5:$R$11,2,0)) -> 0.1 | AS11: 0.1 | AT11: =IF(AO11>PolicyTerm-2,0,3%) -> 0.03 | AV11: =AV10+1 -> 4 | AW11: =AP11*Lapse_Sens -> 0 | AX11: =AQ11*Lapse_Sens -> 0.08 | AY11: =AR11*Lapse_Sens -> 0.1 | AZ11: =AS11*Lapse_Sens -> 0.1 | BA11: =AT11*Lapse_Sens -> 0.03 | BC11: =BC10+1 -> 4 | BD11: =BD10+10% -> 0.8
B12: =B11+1 -> 4 | C12: 0.00093 | D12: 0.00077 | E12: 0.001126 | F12: 0.000854 | G12: =(M12*($G$4+$H$2)+$G$5*O12)*(IF(B12>=Age,$G$1*VLOOKUP('Q-Rates'!B12-Age+1,'Q-Rates'!$BC$8:$BD$128,2,0),1)) -> 0 | H12: =(N12*($H$4+$H$2)+$H$5*P12)*(IF(B12>=Age,$G$1*VLOOKUP('Q-Rates'!B12-Age+1,'Q-Rates'!$BC$8:$BD$128,2,0),1)) -> 0 | I12: =(Q12*$I$5) -> 0 | J12: =(R12*$J$5) -> 0 | K12: =(S12*$K$5)*(IF(B12>=Age,$K$1*VLOOKUP('Q-Rates'!B12-Age+1,'Q-Rates'!$BC$8:$BD$128,2,0),1)) -> 0 | L12: =(T12*$L$5)*(IF(B12>=Age,$L$1*VLOOKUP('Q-Rates'!B12-Age+1,'Q-Rates'!$BC$8:$BD$128,2,0),1)) -> 0 | AL12: 0 | AO12: =AO11+1 -> 5 | AP12: 0 | AQ12: 0.1 | AR12: =IF($AO12>[1]Basic!$D$29,0,VLOOKUP(MIN($AO12,6),[1]Specs!$Q$5:$R$11,2,0)) -> 0.06 | AS12: 0.08 | AT12: =IF(AO12>PolicyTerm-2,0,3%) -> 0.03 | AV12: =AV11+1 -> 5 | AW12: =AP12*Lapse_Sens -> 0 | AX12: =AQ12*Lapse_Sens -> 0.1 | AY12: =AR12*Lapse_Sens -> 0.06 | AZ12: =AS12*Lapse_Sens -> 0.08 | BA12: =AT12*Lapse_Sens -> 0.03 | BC12: =BC11+1 -> 5 | BD12: =BD11+10% -> 0.9
B13: =B12+1 -> 5 | C13: 0.00088 | D13: 0.00075 | E13: 0.00095 | F13: 0.000714 | G13: =(M13*($G$4+$H$2)+$G$5*O13)*(IF(B13>=Age,$G$1*VLOOKUP('Q-Rates'!B13-Age+1,'Q-Rates'!$BC$8:$BD$128,2,0),1)) -> 0 | H13: =(N13*($H$4+$H$2)+$H$5*P13)*(IF(B13>=Age,$G$1*VLOOKUP('Q-Rates'!B13-Age+1,'Q-Rates'!$BC$8:$BD$128,2,0),1)) -> 0 | I13: =(Q13*$I$5) -> 0 | J13: =(R13*$J$5) -> 0 | K13: =(S13*$K$5)*(IF(B13>=Age,$K$1*VLOOKUP('Q-Rates'!B13-Age+1,'Q-Rates'!$BC$8:$BD$128,2,0),1)) -> 0 | L13: =(T13*$L$5)*(IF(B13>=Age,$L$1*VLOOKUP('Q-Rates'!B13-Age+1,'Q-Rates'!$BC$8:$BD$128,2,0),1)) -> 0 | AL13: 0 | AO13: =AO12+1 -> 6 | AP13: 0 | AQ13: 0.1 | AR13: =IF($AO13>[1]Basic!$D$29,0,VLOOKUP(MIN($AO13,6),[1]Specs!$Q$5:$R$11,2,0)) -> 0.06 | AS13: 0.08 | AT13: =IF(AO13>PolicyTerm-2,0,3%) -> 0.03 | AV13: =AV12+1 -> 6 | AW13: =AP13*Lapse_Sens -> 0 | AX13: =AQ13*Lapse_Sens -> 0.1 | AY13: =AR13*Lapse_Sens -> 0.06 | AZ13: =AS13*Lapse_Sens -> 0.08 | BA13: =AT13*Lapse_Sens -> 0.03 | BC13: =BC12+1 -> 6 | BD13: =BD12+10% -> 1
B14: =B13+1 -> 6 | C14: 0.00083 | D14: 0.00073 | E14: 0.000884 | F14: 0.000676 | G14: =(M14*($G$4+$H$2)+$G$5*O14)*(IF(B14>=Age,$G$1*VLOOKUP('Q-Rates'!B14-Age+1,'Q-Rates'!$BC$8:$BD$128,2,0),1)) -> 0 | H14: =(N14*($H$4+$H$2)+$H$5*P14)*(IF(B14>=Age,$G$1*VLOOKUP('Q-Rates'!B14-Age+1,'Q-Rates'!$BC$8:$BD$128,2,0),1)) -> 0 | I14: =(Q14*$I$5) -> 0 | J14: =(R14*$J$5) -> 0 | K14: =(S14*$K$5)*(IF(B14>=Age,$K$1*VLOOKUP('Q-Rates'!B14-Age+1,'Q-Rates'!$BC$8:$BD$128,2,0),1)) -> 0 | L14: =(T14*$L$5)*(IF(B14>=Age,$L$1*VLOOKUP('Q-Rates'!B14-Age+1,'Q-Rates'!$BC$8:$BD$128,2,0),1)) -> 0 | AL14: 0 | AO14: =AO13+1 -> 7 | AP14: 0 | AQ14: 0.1 | AR14: =IF($AO14>[1]Basic!$D$29,0,VLOOKUP(MIN($AO14,6),[1]Specs!$Q$5:$R$11,2,0)) -> 0.06 | AS14: 0.08 | AT14: =IF(AO14>PolicyTerm-2,0,3%) -> 0.03 | AV14: =AV13+1 -> 7 | AW14: =AP14*Lapse_Sens -> 0 | AX14: =AQ14*Lapse_Sens -> 0.1 | AY14: =AR14*Lapse_Sens -> 0.06 | AZ14: =AS14*Lapse_Sens -> 0.08 | BA14: =AT14*Lapse_Sens -> 0.03 | BC14: =BC13+1 -> 7 | BD14: =BD13 -> 1
B15: =B14+1 -> 7 | C15: 0.00078 | D15: 0.00071 | E15: 0.00082 | F15: 0.000638 | G15: =(M15*($G$4+$H$2)+$G$5*O15)*(IF(B15>=Age,$G$1*VLOOKUP('Q-Rates'!B15-Age+1,'Q-Rates'!$BC$8:$BD$128,2,0),1)) -> 0 | H15: =(N15*($H$4+$H$2)+$H$5*P15)*(IF(B15>=Age,$G$1*VLOOKUP('Q-Rates'!B15-Age+1,'Q-Rates'!$BC$8:$BD$128,2,0),1)) -> 0 | I15: =(Q15*$I$5) -> 0 | J15: =(R15*$J$5) -> 0 | K15: =(S15*$K$5)*(IF(B15>=Age,$K$1*VLOOKUP('Q-Rates'!B15-Age+1,'Q-Rates'!$BC$8:$BD$128,2,0),1)) -> 0 | L15: =(T15*$L$5)*(IF(B15>=Age,$L$1*VLOOKUP('Q-Rates'!B15-Age+1,'Q-Rates'!$BC$8:$BD$128,2,0),1)) -> 0 | AL15: 0 | AO15: =AO14+1 -> 8 | AP15: 0 | AQ15: 0.1 | AR15: =IF($AO15>[1]Basic!$D$29,0,VLOOKUP(MIN($AO15,6),[1]Specs!$Q$5:$R$11,2,0)) -> 0.06 | AS15: 0.08 | AT15: =IF(AO15>PolicyTerm-2,0,3%) -> 0.03 | AV15: =AV14+1 -> 8 | AW15: =AP15*Lapse_Sens -> 0 | AX15: =AQ15*Lapse_Sens -> 0.1 | AY15: =AR15*Lapse_Sens -> 0.06 | AZ15: =AS15*Lapse_Sens -> 0.08 | BA15: =AT15*Lapse_Sens -> 0.03 | BC15: =BC14+1 -> 8 | BD15: =BD14 -> 1
B16: =B15+1 -> 8 | C16: 0.00075 | D16: 0.0007 | E16: 0.000786 | F16: 0.000604 | G16: =(M16*($G$4+$H$2)+$G$5*O16)*(IF(B16>=Age,$G$1*VLOOKUP('Q-Rates'!B16-Age+1,'Q-Rates'!$BC$8:$BD$128,2,0),1)) -> 0 | H16: =(N16*($H$4+$H$2)+$H$5*P16)*(IF(B16>=Age,$G$1*VLOOKUP('Q-Rates'!B16-Age+1,'Q-Rates'!$BC$8:$BD$128,2,0),1)) -> 0 | I16: =(Q16*$I$5) -> 0 | J16: =(R16*$J$5) -> 0 | K16: =(S16*$K$5)*(IF(B16>=Age,$K$1*VLOOKUP('Q-Rates'!B16-Age+1,'Q-Rates'!$BC$8:$BD$128,2,0),1)) -> 0 | L16: =(T16*$L$5)*(IF(B16>=Age,$L$1*VLOOKUP('Q-Rates'!B16-Age+1,'Q-Rates'!$BC$8:$BD$128,2,0),1)) -> 0 | AL16: 0 | AO16: =AO15+1 -> 9 | AP16: 0 | AQ16: 0.1 | AR16: =IF($AO16>[1]Basic!$D$29,0,VLOOKUP(MIN($AO16,6),[1]Specs!$Q$5:$R$11,2,0)) -> 0.06 | AS16: 0.08 | AT16: =IF(AO16>PolicyTerm-2,0,3%) -> 0.03 | AV16: =AV15+1 -> 9 | AW16: =AP16*Lapse_Sens -> 0 | AX16: =AQ16*Lapse_Sens -> 0.1 | AY16: =AR16*Lapse_Sens -> 0.06 | AZ16: =AS16*Lapse_Sens -> 0.08 | BA16: =AT16*Lapse_Sens -> 0.03 | BC16: =BC15+1 -> 9 | BD16: =BD15 -> 1
B17: =B16+1 -> 9 | C17: 0.00074 | D17: 0.00069 | E17: 0.000764 | F17: 0.000576 | G17: =(M17*($G$4+$H$2)+$G$5*O17)*(IF(B17>=Age,$G$1*VLOOKUP('Q-Rates'!B17-Age+1,'Q-Rates'!$BC$8:$BD$128,2,0),1)) -> 0 | H17: =(N17*($H$4+$H$2)+$H$5*P17)*(IF(B17>=Age,$G$1*VLOOKUP('Q-Rates'!B17-Age+1,'Q-Rates'!$BC$8:$BD$128,2,0),1)) -> 0 | I17: =(Q17*$I$5) -> 0 | J17: =(R17*$J$5) -> 0 | K17: =(S17*$K$5)*(IF(B17>=Age,$K$1*VLOOKUP('Q-Rates'!B17-Age+1,'Q-Rates'!$BC$8:$BD$128,2,0),1)) -> 0 | L17: =(T17*$L$5)*(IF(B17>=Age,$L$1*VLOOKUP('Q-Rates'!B17-Age+1,'Q-Rates'!$BC$8:$BD$128,2,0),1)) -> 0 | AL17: 0 | AO17: =AO16+1 -> 10 | AP17: 0 | AQ17: 0.1 | AR17: =IF($AO17>[1]Basic!$D$29,0,VLOOKUP(MIN($AO17,6),[1]Specs!$Q$5:$R$11,2,0)) -> 0.06 | AS17: 0.08 | AT17: =IF(AO17>PolicyTerm-2,0,3%) -> 0.03 | AV17: =AV16+1 -> 10 | AW17: =AP17*Lapse_Sens -> 0 | AX17: =AQ17*Lapse_Sens -> 0.1 | AY17: =AR17*Lapse_Sens -> 0.06 | AZ17: =AS17*Lapse_Sens -> 0.08 | BA17: =AT17*Lapse_Sens -> 0.03 | BC17: =BC16+1 -> 10 | BD17: =BD16 -> 1
B18: =B17+1 -> 10 | C18: 0.00075 | D18: 0.00068 | E18: 0.000782 | F18: 0.00057 | G18: =(M18*($G$4+$H$2)+$G$5*O18)*(IF(B18>=Age,$G$1*VLOOKUP('Q-Rates'!B18-Age+1,'Q-Rates'!$BC$8:$BD$128,2,0),1)) -> 0 | H18: =(N18*($H$4+$H$2)+$H$5*P18)*(IF(B18>=Age,$G$1*VLOOKUP('Q-Rates'!B18-Age+1,'Q-Rates'!$BC$8:$BD$128,2,0),1)) -> 0 | I18: =(Q18*$I$5) -> 0 | J18: =(R18*$J$5) -> 0 | K18: =(S18*$K$5)*(IF(B18>=Age,$K$1*VLOOKUP('Q-Rates'!B18-Age+1,'Q-Rates'!$BC$8:$BD$128,2,0),1)) -> 0 | L18: =(T18*$L$5)*(IF(B18>=Age,$L$1*VLOOKUP('Q-Rates'!B18-Age+1,'Q-Rates'!$BC$8:$BD$128,2,0),1)) -> 0 | AL18: 0 | AO18: =AO17+1 -> 11 | AP18: 0 | AQ18: 0.1 | AR18: =IF($AO18>[1]Basic!$D$29,0,VLOOKUP(MIN($AO18,6),[1]Specs!$Q$5:$R$11,2,0)) -> 0.06 | AS18: 0.08 | AT18: =IF(AO18>PolicyTerm-2,0,3%) -> 0.03 | AV18: =AV17+1 -> 11 | AW18: =AP18*Lapse_Sens -> 0 | AX18: =AQ18*Lapse_Sens -> 0.1 | AY18: =AR18*Lapse_Sens -> 0.06 | AZ18: =AS18*Lapse_Sens -> 0.08 | BA18: =AT18*Lapse_Sens -> 0.03 | BC18: =BC17+1 -> 11 | BD18: =BD17 -> 1
B19: =B18+1 -> 11 | C19: 0.00081 | D19: 0.0007 | E19: 0.000834 | F19: 0.000566 | G19: =(M19*($G$4+$H$2)+$G$5*O19)*(IF(B19>=Age,$G$1*VLOOKUP('Q-Rates'!B19-Age+1,'Q-Rates'!$BC$8:$BD$128,2,0),1)) -> 0 | H19: =(N19*($H$4+$H$2)+$H$5*P19)*(IF(B19>=Age,$G$1*VLOOKUP('Q-Rates'!B19-Age+1,'Q-Rates'!$BC$8:$BD$128,2,0),1)) -> 0 | I19: =(Q19*$I$5) -> 0 | J19: =(R19*$J$5) -> 0 | K19: =(S19*$K$5)*(IF(B19>=Age,$K$1*VLOOKUP('Q-Rates'!B19-Age+1,'Q-Rates'!$BC$8:$BD$128,2,0),1)) -> 0 | L19: =(T19*$L$5)*(IF(B19>=Age,$L$1*VLOOKUP('Q-Rates'!B19-Age+1,'Q-Rates'!$BC$8:$BD$128,2,0),1)) -> 0 | AL19: 0 | AO19: =AO18+1 -> 12 | AP19: 0 | AQ19: 0.1 | AR19: =IF($AO19>[1]Basic!$D$29,0,VLOOKUP(MIN($AO19,6),[1]Specs!$Q$5:$R$11,2,0)) -> 0.06 | AS19: 0.08 | AT19: =IF(AO19>PolicyTerm-2,0,3%) -> 0.03 | AV19: =AV18+1 -> 12 | AW19: =AP19*Lapse_Sens -> 0 | AX19: =AQ19*Lapse_Sens -> 0.1 | AY19: =AR19*Lapse_Sens -> 0.06 | AZ19: =AS19*Lapse_Sens -> 0.08 | BA19: =AT19*Lapse_Sens -> 0.03 | BC19: =BC18+1 -> 12 | BD19: =BD18 -> 1
B20: =B19+1 -> 12 | C20: 0.00092 | D20: 0.00073 | E20: 0.000856 | F20: 0.000572 | G20: =(M20*($G$4+$H$2)+$G$5*O20)*(IF(B20>=Age,$G$1*VLOOKUP('Q-Rates'!B20-Age+1,'Q-Rates'!$BC$8:$BD$128,2,0),1)) -> 0 | H20: =(N20*($H$4+$H$2)+$H$5*P20)*(IF(B20>=Age,$G$1*VLOOKUP('Q-Rates'!B20-Age+1,'Q-Rates'!$BC$8:$BD$128,2,0),1)) -> 0 | I20: =(Q20*$I$5) -> 0 | J20: =(R20*$J$5) -> 0 | K20: =(S20*$K$5)*(IF(B20>=Age,$K$1*VLOOKUP('Q-Rates'!B20-Age+1,'Q-Rates'!$BC$8:$BD$128,2,0),1)) -> 0 | L20: =(T20*$L$5)*(IF(B20>=Age,$L$1*VLOOKUP('Q-Rates'!B20-Age+1,'Q-Rates'!$BC$8:$BD$128,2,0),1)) -> 0 | AL20: 0 | AO20: =AO19+1 -> 13 | AP20: 0 | AQ20: 0.1 | AR20: =IF($AO20>[1]Basic!$D$29,0,VLOOKUP(MIN($AO20,6),[1]Specs!$Q$5:$R$11,2,0)) -> 0.06 | AS20: 0.08 | AT20: =IF(AO20>PolicyTerm-2,0,3%) -> 0.03 | AV20: =AV19+1 -> 13 | AW20: =AP20*Lapse_Sens -> 0 | AX20: =AQ20*Lapse_Sens -> 0.1 | AY20: =AR20*Lapse_Sens -> 0.06 | AZ20: =AS20*Lapse_Sens -> 0.08 | BA20: =AT20*Lapse_Sens -> 0.03 | BC20: =BC19+1 -> 13 | BD20: =BD19 -> 1
B21: =B20+1 -> 13 | C21: 0.00107 | D21: 0.00077 | E21: 0.00094 | F21: 0.00059 | G21: =(M21*($G$4+$H$2)+$G$5*O21)*(IF(B21>=Age,$G$1*VLOOKUP('Q-Rates'!B21-Age+1,'Q-Rates'!$BC$8:$BD$128,2,0),1)) -> 0 | H21: =(N21*($H$4+$H$2)+$H$5*P21)*(IF(B21>=Age,$G$1*VLOOKUP('Q-Rates'!B21-Age+1,'Q-Rates'!$BC$8:$BD$128,2,0),1)) -> 0 | I21: =(Q21*$I$5) -> 0 | J21: =(R21*$J$5) -> 0 | K21: =(S21*$K$5)*(IF(B21>=Age,$K$1*VLOOKUP('Q-Rates'!B21-Age+1,'Q-Rates'!$BC$8:$BD$128,2,0),1)) -> 0 | L21: =(T21*$L$5)*(IF(B21>=Age,$L$1*VLOOKUP('Q-Rates'!B21-Age+1,'Q-Rates'!$BC$8:$BD$128,2,0),1)) -> 0 | AL21: 0 | AO21: =AO20+1 -> 14 | AP21: 0 | AQ21: 0.1 | AR21: =IF($AO21>[1]Basic!$D$29,0,VLOOKUP(MIN($AO21,6),[1]Specs!$Q$5:$R$11,2,0)) -> 0.06 | AS21: 0.08 | AT21: =IF(AO21>PolicyTerm-2,0,3%) -> 0.03 | AV21: =AV20+1 -> 14 | AW21: =AP21*Lapse_Sens -> 0 | AX21: =AQ21*Lapse_Sens -> 0.1 | AY21: =AR21*Lapse_Sens -> 0.06 | AZ21: =AS21*Lapse_Sens -> 0.08 | BA21: =AT21*Lapse_Sens -> 0.03 | BC21: =BC20+1 -> 14 | BD21: =BD20 -> 1
B22: =B21+1 -> 14 | C22: 0.00124 | D22: 0.00082 | E22: 0.000944 | F22: 0.00061 | G22: =(M22*($G$4+$H$2)+$G$5*O22)*(IF(B22>=Age,$G$1*VLOOKUP('Q-Rates'!B22-Age+1,'Q-Rates'!$BC$8:$BD$128,2,0),1)) -> 0 | H22: =(N22*($H$4+$H$2)+$H$5*P22)*(IF(B22>=Age,$G$1*VLOOKUP('Q-Rates'!B22-Age+1,'Q-Rates'!$BC$8:$BD$128,2,0),1)) -> 0 | I22: =(Q22*$I$5) -> 0 | J22: =(R22*$J$5) -> 0 | K22: =(S22*$K$5)*(IF(B22>=Age,$K$1*VLOOKUP('Q-Rates'!B22-Age+1,'Q-Rates'!$BC$8:$BD$128,2,0),1)) -> 0 | L22: =(T22*$L$5)*(IF(B22>=Age,$L$1*VLOOKUP('Q-Rates'!B22-Age+1,'Q-Rates'!$BC$8:$BD$128,2,0),1)) -> 0 | AL22: 0 | AO22: =AO21+1 -> 15 | AP22: 0 | AQ22: 0.1 | AR22: =IF($AO22>[1]Basic!$D$29,0,VLOOKUP(MIN($AO22,6),[1]Specs!$Q$5:$R$11,2,0)) -> 0.06 | AS22: 0.08 | AT22: =IF(AO22>PolicyTerm-2,0,3%) -> 0.03 | AV22: =AV21+1 -> 15 | AW22: =AP22*Lapse_Sens -> 0 | AX22: =AQ22*Lapse_Sens -> 0.1 | AY22: =AR22*Lapse_Sens -> 0.06 | AZ22: =AS22*Lapse_Sens -> 0.08 | BA22: =AT22*Lapse_Sens -> 0.03 | BC22: =BC21+1 -> 15 | BD22: =BD21 -> 1
B23: =B22+1 -> 15 | C23: 0.00142 | D23: 0.00087 | E23: 0.000944 | F23: 0.000628 | G23: =(M23*($G$4+$H$2)+$G$5*O23)*(IF(B23>=Age,$G$1*VLOOKUP('Q-Rates'!B23-Age+1,'Q-Rates'!$BC$8:$BD$128,2,0),1)) -> 0 | H23: =(N23*($H$4+$H$2)+$H$5*P23)*(IF(B23>=Age,$G$1*VLOOKUP('Q-Rates'!B23-Age+1,'Q-Rates'!$BC$8:$BD$128,2,0),1)) -> 0 | I23: =(Q23*$I$5) -> 0 | J23: =(R23*$J$5) -> 0 | K23: =(S23*$K$5)*(IF(B23>=Age,$K$1*VLOOKUP('Q-Rates'!B23-Age+1,'Q-Rates'!$BC$8:$BD$128,2,0),1)) -> 0 | L23: =(T23*$L$5)*(IF(B23>=Age,$L$1*VLOOKUP('Q-Rates'!B23-Age+1,'Q-Rates'!$BC$8:$BD$128,2,0),1)) -> 0 | AL23: 0 | AO23: =AO22+1 -> 16 | AP23: 0 | AQ23: 0.1 | AR23: =IF($AO23>[1]Basic!$D$29,0,VLOOKUP(MIN($AO23,6),[1]Specs!$Q$5:$R$11,2,0)) -> 0.06 | AS23: 0.08 | AT23: =IF(AO23>PolicyTerm-2,0,3%) -> 0.03 | AV23: =AV22+1 -> 16 | AW23: =AP23*Lapse_Sens -> 0 | AX23: =AQ23*Lapse_Sens -> 0.1 | AY23: =AR23*Lapse_Sens -> 0.06 | AZ23: =AS23*Lapse_Sens -> 0.08 | BA23: =AT23*Lapse_Sens -> 0.03 | BC23: =BC22+1 -> 16 | BD23: =BD22 -> 1
B24: =B23+1 -> 16 | C24: 0.00159 | D24: 0.00092 | E24: 0.000944 | F24: 0.000646 | G24: =(M24*($G$4+$H$2)+$G$5*O24)*(IF(B24>=Age,$G$1*VLOOKUP('Q-Rates'!B24-Age+1,'Q-Rates'!$BC$8:$BD$128,2,0),1)) -> 0 | H24: =(N24*($H$4+$H$2)+$H$5*P24)*(IF(B24>=Age,$G$1*VLOOKUP('Q-Rates'!B24-Age+1,'Q-Rates'!$BC$8:$BD$128,2,0),1)) -> 0 | I24: =(Q24*$I$5) -> 0 | J24: =(R24*$J$5) -> 0 | K24: =(S24*$K$5)*(IF(B24>=Age,$K$1*VLOOKUP('Q-Rates'!B24-Age+1,'Q-Rates'!$BC$8:$BD$128,2,0),1)) -> 0 | L24: =(T24*$L$5)*(IF(B24>=Age,$L$1*VLOOKUP('Q-Rates'!B24-Age+1,'Q-Rates'!$BC$8:$BD$128,2,0),1)) -> 0 | AL24: 0 | AO24: =AO23+1 -> 17 | AP24: 0 | AQ24: 0.1 | AR24: =IF($AO24>[1]Basic!$D$29,0,VLOOKUP(MIN($AO24,6),[1]Specs!$Q$5:$R$11,2,0)) -> 0.06 | AS24: 0.08 | AT24: =IF(AO24>PolicyTerm-2,0,3%) -> 0.03 | AV24: =AV23+1 -> 17 | AW24: =AP24*Lapse_Sens -> 0 | AX24: =AQ24*Lapse_Sens -> 0.1 | AY24: =AR24*Lapse_Sens -> 0.06 | AZ24: =AS24*Lapse_Sens -> 0.08 | BA24: =AT24*Lapse_Sens -> 0.03 | BC24: =BC23+1 -> 17 | BD24: =BD23 -> 1
B25: =B24+1 -> 17 | C25: 0.00172 | D25: 0.00096 | E25: 0.000948 | F25: 0.000664 | G25: =(M25*($G$4+$H$2)+$G$5*O25)*(IF(B25>=Age,$G$1*VLOOKUP('Q-Rates'!B25-Age+1,'Q-Rates'!$BC$8:$BD$128,2,0),1)) -> 0 | H25: =(N25*($H$4+$H$2)+$H$5*P25)*(IF(B25>=Age,$G$1*VLOOKUP('Q-Rates'!B25-Age+1,'Q-Rates'!$BC$8:$BD$128,2,0),1)) -> 0 | I25: =(Q25*$I$5) -> 0 | J25: =(R25*$J$5) -> 0 | K25: =(S25*$K$5)*(IF(B25>=Age,$K$1*VLOOKUP('Q-Rates'!B25-Age+1,'Q-Rates'!$BC$8:$BD$128,2,0),1)) -> 0 | L25: =(T25*$L$5)*(IF(B25>=Age,$L$1*VLOOKUP('Q-Rates'!B25-Age+1,'Q-Rates'!$BC$8:$BD$128,2,0),1)) -> 0 | AL25: 0 | AO25: =AO24+1 -> 18 | AP25: 0 | AQ25: 0.1 | AR25: =IF($AO25>[1]Basic!$D$29,0,VLOOKUP(MIN($AO25,6),[1]Specs!$Q$5:$R$11,2,0)) -> 0.06 | AS25: 0.08 | AT25: =IF(AO25>PolicyTerm-2,0,3%) -> 0.03 | AV25: =AV24+1 -> 18 | AW25: =AP25*Lapse_Sens -> 0 | AX25: =AQ25*Lapse_Sens -> 0.1 | AY25: =AR25*Lapse_Sens -> 0.06 | AZ25: =AS25*Lapse_Sens -> 0.08 | BA25: =AT25*Lapse_Sens -> 0.03 | BC25: =BC24+1 -> 18 | BD25: =BD24 -> 1
B26: =B25+1 -> 18 | C26: 0.00182 | D26: 0.001 | E26: 0.000956 | F26: 0.000672 | G26: =(M26*($G$4+$H$2)+$G$5*O26)*(IF(B26>=Age,$G$1*VLOOKUP('Q-Rates'!B26-Age+1,'Q-Rates'!$BC$8:$BD$128,2,0),1)) -> 0.0008568 | H26: =(N26*($H$4+$H$2)+$H$5*P26)*(IF(B26>=Age,$G$1*VLOOKUP('Q-Rates'!B26-Age+1,'Q-Rates'!$BC$8:$BD$128,2,0),1)) -> 0.0006108 | I26: =(Q26*$I$5) -> 0.0003924 | J26: =(R26*$J$5) -> 0.0002904 | K26: =(S26*$K$5)*(IF(B26>=Age,$K$1*VLOOKUP('Q-Rates'!B26-Age+1,'Q-Rates'!$BC$8:$BD$128,2,0),1)) -> 0.0001026 | L26: =(T26*$L$5)*(IF(B26>=Age,$L$1*VLOOKUP('Q-Rates'!B26-Age+1,'Q-Rates'!$BC$8:$BD$128,2,0),1)) -> 0.000108 | M26: =RI!Y4/1000 -> 0.000736 | N26: =RI!Z4/1000 -> 0.000516 | O26: =RI!AB4/1000 -> 0.000162 | P26: =RI!AC4/1000 -> 0.000122 | Q26: =RI!AE4/1000 -> 0.0003924 | R26: =RI!AF4/1000 -> 0.0002904 | S26: =RI!AH4/1000 -> 9.12e-05 | T26: =RI!AI4/1000 -> 9.6e-05 | AL26: 0 | AO26: =AO25+1 -> 19 | AP26: 0 | AQ26: 0.1 | AR26: =IF($AO26>[1]Basic!$D$29,0,VLOOKUP(MIN($AO26,6),[1]Specs!$Q$5:$R$11,2,0)) -> 0 | AS26: 0.08 | AT26: =IF(AO26>PolicyTerm-2,0,3%) -> 0.03 | AV26: =AV25+1 -> 19 | AW26: =AP26*Lapse_Sens -> 0 | AX26: =AQ26*Lapse_Sens -> 0.1 | AY26: =AR26*Lapse_Sens -> 0 | AZ26: =AS26*Lapse_Sens -> 0.08 | BA26: =AT26*Lapse_Sens -> 0.03 | BC26: =BC25+1 -> 19 | BD26: =BD25 -> 1
B27: =B26+1 -> 19 | C27: 0.00188 | D27: 0.00103 | E27: 0.000968 | F27: 0.000676 | G27: =(M27*($G$4+$H$2)+$G$5*O27)*(IF(B27>=Age,$G$1*VLOOKUP('Q-Rates'!B27-Age+1,'Q-Rates'!$BC$8:$BD$128,2,0),1)) -> 0.000873 | H27: =(N27*($H$4+$H$2)+$H$5*P27)*(IF(B27>=Age,$G$1*VLOOKUP('Q-Rates'!B27-Age+1,'Q-Rates'!$BC$8:$BD$128,2,0),1)) -> 0.000627 | I27: =(Q27*$I$5) -> 0.0003924 | J27: =(R27*$J$5) -> 0.0002904 | K27: =(S27*$K$5)*(IF(B27>=Age,$K$1*VLOOKUP('Q-Rates'!B27-Age+1,'Q-Rates'!$BC$8:$BD$128,2,0),1)) -> 0.000108 | L27: =(T27*$L$5)*(IF(B27>=Age,$L$1*VLOOKUP('Q-Rates'!B27-Age+1,'Q-Rates'!$BC$8:$BD$128,2,0),1)) -> 0.0001134 | M27: =RI!Y5/1000 -> 0.000746 | N27: =RI!Z5/1000 -> 0.000534 | O27: =RI!AB5/1000 -> 0.000168 | P27: =RI!AC5/1000 -> 0.000122 | Q27: =RI!AE5/1000 -> 0.0003924 | R27: =RI!AF5/1000 -> 0.0002904 | S27: =RI!AH5/1000 -> 9.6e-05 | T27: =RI!AI5/1000 -> 0.0001008 | AL27: 0 | AO27: =AO26+1 -> 20 | AP27: 0 | AQ27: 0.1 | AR27: =IF($AO27>[1]Basic!$D$29,0,VLOOKUP(MIN($AO27,6),[1]Specs!$Q$5:$R$11,2,0)) -> 0 | AS27: 0.08 | AT27: =IF(AO27>PolicyTerm-2,0,3%) -> 0.03 | AV27: =AV26+1 -> 20 | AW27: =AP27*Lapse_Sens -> 0 | AX27: =AQ27*Lapse_Sens -> 0.1 | AY27: =AR27*Lapse_Sens -> 0 | AZ27: =AS27*Lapse_Sens -> 0.08 | BA27: =AT27*Lapse_Sens -> 0.03 | BC27: =BC26+1 -> 20 | BD27: =BD26 -> 1
B28: =B27+1 -> 20 | C28: 0.0019 | D28: 0.00106 | E28: 0.000982 | F28: 0.000708 | G28: =(M28*($G$4+$H$2)+$G$5*O28)*(IF(B28>=Age,$G$1*VLOOKUP('Q-Rates'!B28-Age+1,'Q-Rates'!$BC$8:$BD$128,2,0),1)) -> 0.0008958 | H28: =(N28*($H$4+$H$2)+$H$5*P28)*(IF(B28>=Age,$G$1*VLOOKUP('Q-Rates'!B28-Age+1,'Q-Rates'!$BC$8:$BD$128,2,0),1)) -> 0.0006576 | I28: =(Q28*$I$5) -> 0.0003984 | J28: =(R28*$J$5) -> 0.0002904 | K28: =(S28*$K$5)*(IF(B28>=Age,$K$1*VLOOKUP('Q-Rates'!B28-Age+1,'Q-Rates'!$BC$8:$BD$128,2,0),1)) -> 0.0001206 | L28: =(T28*$L$5)*(IF(B28>=Age,$L$1*VLOOKUP('Q-Rates'!B28-Age+1,'Q-Rates'!$BC$8:$BD$128,2,0),1)) -> 0.0001188 | M28: =RI!Y6/1000 -> 0.000766 | N28: =RI!Z6/1000 -> 0.00056 | O28: =RI!AB6/1000 -> 0.000172 | P28: =RI!AC6/1000 -> 0.000128 | Q28: =RI!AE6/1000 -> 0.0003984 | R28: =RI!AF6/1000 -> 0.0002904 | S28: =RI!AH6/1000 -> 0.0001072 | T28: =RI!AI6/1000 -> 0.0001056 | AL28: 0 | AO28: =AO27+1 -> 21 | AP28: 0 | AQ28: 0.1 | AR28: =IF($AO28>[1]Basic!$D$29,0,VLOOKUP(MIN($AO28,6),[1]Specs!$Q$5:$R$11,2,0)) -> 0 | AS28: 0.08 | AT28: =IF(AO28>PolicyTerm-2,0,3%) -> 0 | AV28: =AV27+1 -> 21 | AW28: =AP28*Lapse_Sens -> 0 | AX28: =AQ28*Lapse_Sens -> 0.1 | AY28: =AR28*Lapse_Sens -> 0 | AZ28: =AS28*Lapse_Sens -> 0.08 | BA28: =AT28*Lapse_Sens -> 0 | BC28: =BC27+1 -> 21 | BD28: =BD27 -> 1
B29: =B28+1 -> 21 | C29: 0.0019 | D29: 0.00108 | E29: 0.001012 | F29: 0.000746 | G29: =(M29*($G$4+$H$2)+$G$5*O29)*(IF(B29>=Age,$G$1*VLOOKUP('Q-Rates'!B29-Age+1,'Q-Rates'!$BC$8:$BD$128,2,0),1)) -> 0.0009084 | H29: =(N29*($H$4+$H$2)+$H$5*P29)*(IF(B29>=Age,$G$1*VLOOKUP('Q-Rates'!B29-Age+1,'Q-Rates'!$BC$8:$BD$128,2,0),1)) -> 0.0006666 | I29: =(Q29*$I$5) -> 0.0003984 | J29: =(R29*$J$5) -> 0.0002904 | K29: =(S29*$K$5)*(IF(B29>=Age,$K$1*VLOOKUP('Q-Rates'!B29-Age+1,'Q-Rates'!$BC$8:$BD$128,2,0),1)) -> 0.0001296 | L29: =(T29*$L$5)*(IF(B29>=Age,$L$1*VLOOKUP('Q-Rates'!B29-Age+1,'Q-Rates'!$BC$8:$BD$128,2,0),1)) -> 0.0001242 | M29: =RI!Y7/1000 -> 0.00078 | N29: =RI!Z7/1000 -> 0.00057 | O29: =RI!AB7/1000 -> 0.000172 | P29: =RI!AC7/1000 -> 0.000128 | Q29: =RI!AE7/1000 -> 0.0003984 | R29: =RI!AF7/1000 -> 0.0002904 | S29: =RI!AH7/1000 -> 0.0001152 | T29: =RI!AI7/1000 -> 0.0001104 | AL29: 0 | AO29: =AO28+1 -> 22 | AP29: 0 | AQ29: 0.1 | AR29: =IF($AO29>[1]Basic!$D$29,0,VLOOKUP(MIN($AO29,6),[1]Specs!$Q$5:$R$11,2,0)) -> 0 | AS29: 0.08 | AT29: =IF(AO29>PolicyTerm-2,0,3%) -> 0 | AV29: =AV28+1 -> 22 | AW29: =AP29*Lapse_Sens -> 0 | AX29: =AQ29*Lapse_Sens -> 0.1 | AY29: =AR29*Lapse_Sens -> 0 | AZ29: =AS29*Lapse_Sens -> 0.08 | BA29: =AT29*Lapse_Sens -> 0 | BC29: =BC28+1 -> 22 | BD29: =BD28 -> 1
B30: =B29+1 -> 22 | C30: 0.00188 | D30: 0.0011 | E30: 0.001042 | F30: 0.000794 | G30: =(M30*($G$4+$H$2)+$G$5*O30)*(IF(B30>=Age,$G$1*VLOOKUP('Q-Rates'!B30-Age+1,'Q-Rates'!$BC$8:$BD$128,2,0),1)) -> 0.0009156 | H30: =(N30*($H$4+$H$2)+$H$5*P30)*(IF(B30>=Age,$G$1*VLOOKUP('Q-Rates'!B30-Age+1,'Q-Rates'!$BC$8:$BD$128,2,0),1)) -> 0.0006846 | I30: =(Q30*$I$5) -> 0.0003984 | J30: =(R30*$J$5) -> 0.0002904 | K30: =(S30*$K$5)*(IF(B30>=Age,$K$1*VLOOKUP('Q-Rates'!B30-Age+1,'Q-Rates'!$BC$8:$BD$128,2,0),1)) -> 0.0001422 | L30: =(T30*$L$5)*(IF(B30>=Age,$L$1*VLOOKUP('Q-Rates'!B30-Age+1,'Q-Rates'!$BC$8:$BD$128,2,0),1)) -> 0.0001368 | M30: =RI!Y8/1000 -> 0.000788 | N30: =RI!Z8/1000 -> 0.00059 | O30: =RI!AB8/1000 -> 0.000172 | P30: =RI!AC8/1000 -> 0.000128 | Q30: =RI!AE8/1000 -> 0.0003984 | R30: =RI!AF8/1000 -> 0.0002904 | S30: =RI!AH8/1000 -> 0.0001264 | T30: =RI!AI8/1000 -> 0.0001216 | AL30: 0 | AO30: =AO29+1 -> 23 | AP30: 0 | AQ30: 0.1 | AR30: =IF($AO30>[1]Basic!$D$29,0,VLOOKUP(MIN($AO30,6),[1]Specs!$Q$5:$R$11,2,0)) -> 0 | AS30: 0.08 | AT30: =IF(AO30>PolicyTerm-2,0,3%) -> 0 | AV30: =AV29+1 -> 23 | AW30: =AP30*Lapse_Sens -> 0 | AX30: =AQ30*Lapse_Sens -> 0.1 | AY30: =AR30*Lapse_Sens -> 0 | AZ30: =AS30*Lapse_Sens -> 0.08 | BA30: =AT30*Lapse_Sens -> 0 | BC30: =BC29+1 -> 23 | BD30: =BD29 -> 1
B31: =B30+1 -> 23 | C31: 0.00184 | D31: 0.00112 | E31: 0.001072 | F31: 0.00083 | G31: =(M31*($G$4+$H$2)+$G$5*O31)*(IF(B31>=Age,$G$1*VLOOKUP('Q-Rates'!B31-Age+1,'Q-Rates'!$BC$8:$BD$128,2,0),1)) -> 0.000927 | H31: =(N31*($H$4+$H$2)+$H$5*P31)*(IF(B31>=Age,$G$1*VLOOKUP('Q-Rates'!B31-Age+1,'Q-Rates'!$BC$8:$BD$128,2,0),1)) -> 0.0007314 | I31: =(Q31*$I$5) -> 0.0003924 | J31: =(R31*$J$5) -> 0.0002904 | K31: =(S31*$K$5)*(IF(B31>=Age,$K$1*VLOOKUP('Q-Rates'!B31-Age+1,'Q-Rates'!$BC$8:$BD$128,2,0),1)) -> 0.0001548 | L31: =(T31*$L$5)*(IF(B31>=Age,$L$1*VLOOKUP('Q-Rates'!B31-Age+1,'Q-Rates'!$BC$8:$BD$128,2,0),1)) -> 0.0001548 | M31: =RI!Y9/1000 -> 0.000806 | N31: =RI!Z9/1000 -> 0.000634 | O31: =RI!AB9/1000 -> 0.000168 | P31: =RI!AC9/1000 -> 0.000134 | Q31: =RI!AE9/1000 -> 0.0003924 | R31: =RI!AF9/1000 -> 0.0002904 | S31: =RI!AH9/1000 -> 0.0001376 | T31: =RI!AI9/1000 -> 0.0001376 | AL31: 0 | AO31: =AO30+1 -> 24 | AP31: 0 | AQ31: 0.1 | AR31: =IF($AO31>[1]Basic!$D$29,0,VLOOKUP(MIN($AO31,6),[1]Specs!$Q$5:$R$11,2,0)) -> 0 | AS31: 0.08 | AT31: =IF(AO31>PolicyTerm-2,0,3%) -> 0 | AV31: =AV30+1 -> 24 | AW31: =AP31*Lapse_Sens -> 0 | AX31: =AQ31*Lapse_Sens -> 0.1 | AY31: =AR31*Lapse_Sens -> 0 | AZ31: =AS31*Lapse_Sens -> 0.08 | BA31: =AT31*Lapse_Sens -> 0 | BC31: =BC30+1 -> 24 | BD31: =BD30 -> 1
B32: =B31+1 -> 24 | C32: 0.0018 | D32: 0.00115 | E32: 0.001102 | F32: 0.000854 | G32: =(M32*($G$4+$H$2)+$G$5*O32)*(IF(B32>=Age,$G$1*VLOOKUP('Q-Rates'!B32-Age+1,'Q-Rates'!$BC$8:$BD$128,2,0),1)) -> 0.0009648 | H32: =(N32*($H$4+$H$2)+$H$5*P32)*(IF(B32>=Age,$G$1*VLOOKUP('Q-Rates'!B32-Age+1,'Q-Rates'!$BC$8:$BD$128,2,0),1)) -> 0.0007656 | I32: =(Q32*$I$5) -> 0.0003924 | J32: =(R32*$J$5) -> 0.0002904 | K32: =(S32*$K$5)*(IF(B32>=Age,$K$1*VLOOKUP('Q-Rates'!B32-Age+1,'Q-Rates'!$BC$8:$BD$128,2,0),1)) -> 0.000171 | L32: =(T32*$L$5)*(IF(B32>=Age,$L$1*VLOOKUP('Q-Rates'!B32-Age+1,'Q-Rates'!$BC$8:$BD$128,2,0),1)) -> 0.0001674 | M32: =RI!Y10/1000 -> 0.000848 | N32: =RI!Z10/1000 -> 0.000672 | O32: =RI!AB10/1000 -> 0.000168 | P32: =RI!AC10/1000 -> 0.000134 | Q32: =RI!AE10/1000 -> 0.0003924 | R32: =RI!AF10/1000 -> 0.0002904 | S32: =RI!AH10/1000 -> 0.000152 | T32: =RI!AI10/1000 -> 0.0001488 | AL32: 0 | AO32: =AO31+1 -> 25 | AP32: 0 | AQ32: 0.1 | AR32: =IF($AO32>[1]Basic!$D$29,0,VLOOKUP(MIN($AO32,6),[1]Specs!$Q$5:$R$11,2,0)) -> 0 | AS32: 0.08 | AT32: =IF(AO32>PolicyTerm-2,0,3%) -> 0 | AV32: =AV31+1 -> 25 | AW32: =AP32*Lapse_Sens -> 0 | AX32: =AQ32*Lapse_Sens -> 0.1 | AY32: =AR32*Lapse_Sens -> 0 | AZ32: =AS32*Lapse_Sens -> 0.08 | BA32: =AT32*Lapse_Sens -> 0 | BC32: =BC31+1 -> 25 | BD32: =BD31 -> 1
B33: =B32+1 -> 25 | C33: 0.00175 | D33: 0.00117 | E33: 0.001144 | F33: 0.000884 | G33: =(M33*($G$4+$H$2)+$G$5*O33)*(IF(B33>=Age,$G$1*VLOOKUP('Q-Rates'!B33-Age+1,'Q-Rates'!$BC$8:$BD$128,2,0),1)) -> 0.0009918 | H33: =(N33*($H$4+$H$2)+$H$5*P33)*(IF(B33>=Age,$G$1*VLOOKUP('Q-Rates'!B33-Age+1,'Q-Rates'!$BC$8:$BD$128,2,0),1)) -> 0.0007764 | I33: =(Q33*$I$5) -> 0.0003924 | J33: =(R33*$J$5) -> 0.0002904 | K33: =(S33*$K$5)*(IF(B33>=Age,$K$1*VLOOKUP('Q-Rates'!B33-Age+1,'Q-Rates'!$BC$8:$BD$128,2,0),1)) -> 0.0001836 | L33: =(T33*$L$5)*(IF(B33>=Age,$L$1*VLOOKUP('Q-Rates'!B33-Age+1,'Q-Rates'!$BC$8:$BD$128,2,0),1)) -> 0.0001854 | M33: =RI!Y11/1000 -> 0.000878 | N33: =RI!Z11/1000 -> 0.000684 | O33: =RI!AB11/1000 -> 0.000168 | P33: =RI!AC11/1000 -> 0.000134 | Q33: =RI!AE11/1000 -> 0.0003924 | R33: =RI!AF11/1000 -> 0.0002904 | S33: =RI!AH11/1000 -> 0.0001632 | T33: =RI!AI11/1000 -> 0.0001648 | AL33: 0 | AO33: =AO32+1 -> 26 | AP33: 0 | AQ33: 0.1 | AR33: =IF($AO33>[1]Basic!$D$29,0,VLOOKUP(MIN($AO33,6),[1]Specs!$Q$5:$R$11,2,0)) -> 0 | AS33: 0.08 | AT33: =IF(AO33>PolicyTerm-2,0,3%) -> 0 | AV33: =AV32+1 -> 26 | AW33: =AP33*Lapse_Sens -> 0 | AX33: =AQ33*Lapse_Sens -> 0.1 | AY33: =AR33*Lapse_Sens -> 0 | AZ33: =AS33*Lapse_Sens -> 0.08 | BA33: =AT33*Lapse_Sens -> 0 | BC33: =BC32+1 -> 26 | BD33: =BD32 -> 1
B34: =B33+1 -> 26 | C34: 0.00172 | D34: 0.0012 | E34: 0.001174 | F34: 0.00089 | G34: =(M34*($G$4+$H$2)+$G$5*O34)*(IF(B34>=Age,$G$1*VLOOKUP('Q-Rates'!B34-Age+1,'Q-Rates'!$BC$8:$BD$128,2,0),1)) -> 0.001026 | H34: =(N34*($H$4+$H$2)+$H$5*P34)*(IF(B34>=Age,$G$1*VLOOKUP('Q-Rates'!B34-Age+1,'Q-Rates'!$BC$8:$BD$128,2,0),1)) -> 0.0008052 | I34: =(Q34*$I$5) -> 0.0003864 | J34: =(R34*$J$5) -> 0.0002904 | K34: =(S34*$K$5)*(IF(B34>=Age,$K$1*VLOOKUP('Q-Rates'!B34-Age+1,'Q-Rates'!$BC$8:$BD$128,2,0),1)) -> 0.0002016 | L34: =(T34*$L$5)*(IF(B34>=Age,$L$1*VLOOKUP('Q-Rates'!B34-Age+1,'Q-Rates'!$BC$8:$BD$128,2,0),1)) -> 0.0002142 | M34: =RI!Y12/1000 -> 0.000908 | N34: =RI!Z12/1000 -> 0.000708 | O34: =RI!AB12/1000 -> 0.000174 | P34: =RI!AC12/1000 -> 0.00014 | Q34: =RI!AE12/1000 -> 0.0003864 | R34: =RI!AF12/1000 -> 0.0002904 | S34: =RI!AH12/1000 -> 0.0001792 | T34: =RI!AI12/1000 -> 0.0001904 | AL34: 0 | AO34: =AO33+1 -> 27 | AP34: 0 | AQ34: 0.1 | AR34: =IF($AO34>[1]Basic!$D$29,0,VLOOKUP(MIN($AO34,6),[1]Specs!$Q$5:$R$11,2,0)) -> 0 | AS34: 0.08 | AT34: =IF(AO34>PolicyTerm-2,0,3%) -> 0 | AV34: =AV33+1 -> 27 | AW34: =AP34*Lapse_Sens -> 0 | AX34: =AQ34*Lapse_Sens -> 0.1 | AY34: =AR34*Lapse_Sens -> 0 | AZ34: =AS34*Lapse_Sens -> 0.08 | BA34: =AT34*Lapse_Sens -> 0 | BC34: =BC33+1 -> 27 | BD34: =BD33 -> 1
B35: =B34+1 -> 27 | C35: 0.00171 | D35: 0.00124 | E35: 0.001208 | F35: 0.000912 | G35: =(M35*($G$4+$H$2)+$G$5*O35)*(IF(B35>=Age,$G$1*VLOOKUP('Q-Rates'!B35-Age+1,'Q-Rates'!$BC$8:$BD$128,2,0),1)) -> 0.0010584 | H35: =(N35*($H$4+$H$2)+$H$5*P35)*(IF(B35>=Age,$G$1*VLOOKUP('Q-Rates'!B35-Age+1,'Q-Rates'!$BC$8:$BD$128,2,0),1)) -> 0.0008214 | I35: =(Q35*$I$5) -> 0.0003864 | J35: =(R35*$J$5) -> 0.0002904 | K35: =(S35*$K$5)*(IF(B35>=Age,$K$1*VLOOKUP('Q-Rates'!B35-Age+1,'Q-Rates'!$BC$8:$BD$128,2,0),1)) -> 0.0002178 | L35: =(T35*$L$5)*(IF(B35>=Age,$L$1*VLOOKUP('Q-Rates'!B35-Age+1,'Q-Rates'!$BC$8:$BD$128,2,0),1)) -> 0.0002394 | M35: =RI!Y13/1000 -> 0.000944 | N35: =RI!Z13/1000 -> 0.000726 | O35: =RI!AB13/1000 -> 0.000174 | P35: =RI!AC13/1000 -> 0.00014 | Q35: =RI!AE13/1000 -> 0.0003864 | R35: =RI!AF13/1000 -> 0.0002904 | S35: =RI!AH13/1000 -> 0.0001936 | T35: =RI!AI13/1000 -> 0.0002128 | AL35: 0 | AO35: =AO34+1 -> 28 | AP35: 0 | AQ35: 0.1 | AR35: =IF($AO35>[1]Basic!$D$29,0,VLOOKUP(MIN($AO35,6),[1]Specs!$Q$5:$R$11,2,0)) -> 0 | AS35: 0.08 | AT35: =IF(AO35>PolicyTerm-2,0,3%) -> 0 | AV35: =AV34+1 -> 28 | AW35: =AP35*Lapse_Sens -> 0 | AX35: =AQ35*Lapse_Sens -> 0.1 | AY35: =AR35*Lapse_Sens -> 0 | AZ35: =AS35*Lapse_Sens -> 0.08 | BA35: =AT35*Lapse_Sens -> 0 | BC35: =BC34+1 -> 28 | BD35: =BD34 -> 1
B36: =B35+1 -> 28 | C36: 0.0017 | D36: 0.00128 | E36: 0.001254 | F36: 0.000942 | G36: =(M36*($G$4+$H$2)+$G$5*O36)*(IF(B36>=Age,$G$1*VLOOKUP('Q-Rates'!B36-Age+1,'Q-Rates'!$BC$8:$BD$128,2,0),1)) -> 0.001098 | H36: =(N36*($H$4+$H$2)+$H$5*P36)*(IF(B36>=Age,$G$1*VLOOKUP('Q-Rates'!B36-Age+1,'Q-Rates'!$BC$8:$BD$128,2,0),1)) -> 0.0008322 | I36: =(Q36*$I$5) -> 0.0003864 | J36: =(R36*$J$5) -> 0.0002904 | K36: =(S36*$K$5)*(IF(B36>=Age,$K$1*VLOOKUP('Q-Rates'!B36-Age+1,'Q-Rates'!$BC$8:$BD$128,2,0),1)) -> 0.0002448 | L36: =(T36*$L$5)*(IF(B36>=Age,$L$1*VLOOKUP('Q-Rates'!B36-Age+1,'Q-Rates'!$BC$8:$BD$128,2,0),1)) -> 0.0002646 | M36: =RI!Y14/1000 -> 0.00098 | N36: =RI!Z14/1000 -> 0.000738 | O36: =RI!AB14/1000 -> 0.00018 | P36: =RI!AC14/1000 -> 0.00014 | Q36: =RI!AE14/1000 -> 0.0003864 | R36: =RI!AF14/1000 -> 0.0002904 | S36: =RI!AH14/1000 -> 0.0002176 | T36: =RI!AI14/1000 -> 0.0002352 | AL36: 0 | AO36: =AO35+1 -> 29 | AP36: 0 | AQ36: 0.1 | AR36: =IF($AO36>[1]Basic!$D$29,0,VLOOKUP(MIN($AO36,6),[1]Specs!$Q$5:$R$11,2,0)) -> 0 | AS36: 0.08 | AT36: =IF(AO36>PolicyTerm-2,0,3%) -> 0 | AV36: =AV35+1 -> 29 | AW36: =AP36*Lapse_Sens -> 0 | AX36: =AQ36*Lapse_Sens -> 0.1 | AY36: =AR36*Lapse_Sens -> 0 | AZ36: =AS36*Lapse_Sens -> 0.08 | BA36: =AT36*Lapse_Sens -> 0 | BC36: =BC35+1 -> 29 | BD36: =BD35 -> 1
B37: =B36+1 -> 29 | C37: 0.00172 | D37: 0.00132 | E37: 0.0013 | F37: 0.000978 | G37: =(M37*($G$4+$H$2)+$G$5*O37)*(IF(B37>=Age,$G$1*VLOOKUP('Q-Rates'!B37-Age+1,'Q-Rates'!$BC$8:$BD$128,2,0),1)) -> 0.0011124 | H37: =(N37*($H$4+$H$2)+$H$5*P37)*(IF(B37>=Age,$G$1*VLOOKUP('Q-Rates'!B37-Age+1,'Q-Rates'!$BC$8:$BD$128,2,0),1)) -> 0.0008412 | I37: =(Q37*$I$5) -> 0.0003864 | J37: =(R37*$J$5) -> 0.0002904 | K37: =(S37*$K$5)*(IF(B37>=Age,$K$1*VLOOKUP('Q-Rates'!B37-Age+1,'Q-Rates'!$BC$8:$BD$128,2,0),1)) -> 0.0002718 | L37: =(T37*$L$5)*(IF(B37>=Age,$L$1*VLOOKUP('Q-Rates'!B37-Age+1,'Q-Rates'!$BC$8:$BD$128,2,0),1)) -> 0.0002916 | M37: =RI!Y15/1000 -> 0.000996 | N37: =RI!Z15/1000 -> 0.000748 | O37: =RI!AB15/1000 -> 0.00018 | P37: =RI!AC15/1000 -> 0.00014 | Q37: =RI!AE15/1000 -> 0.0003864 | R37: =RI!AF15/1000 -> 0.0002904 | S37: =RI!AH15/1000 -> 0.0002416 | T37: =RI!AI15/1000 -> 0.0002592 | AL37: 0 | AO37: =AO36+1 -> 30 | AP37: 0 | AQ37: 0.1 | AR37: =IF($AO37>[1]Basic!$D$29,0,VLOOKUP(MIN($AO37,6),[1]Specs!$Q$5:$R$11,2,0)) -> 0 | AS37: 0.08 | AT37: =IF(AO37>PolicyTerm-2,0,3%) -> 0 | AV37: =AV36+1 -> 30 | AW37: =AP37*Lapse_Sens -> 0 | AX37: =AQ37*Lapse_Sens -> 0.1 | AY37: =AR37*Lapse_Sens -> 0 | AZ37: =AS37*Lapse_Sens -> 0.08 | BA37: =AT37*Lapse_Sens -> 0 | BC37: =BC36+1 -> 30 | BD37: =BD36 -> 1
... B128: =B127+1 -> 120 | C128: 1 | D128: 1 | E128: 1 | F128: 1 | G128: =(M128*($G$4+$H$2)+$G$5*O128)*(IF(B128>=Age,$G$1*VLOOKUP('Q-Rates'!B128-Age+1,'Q-Rates'!$BC$8:$BD$128,2,0),1)) -> 0 | H128: =(N128*($H$4+$H$2)+$H$5*P128)*(IF(B128>=Age,$G$1*VLOOKUP('Q-Rates'!B128-Age+1,'Q-Rates'!$BC$8:$BD$128,2,0),1)) -> 0 | I128: =(Q128*$I$5) -> 0 | J128: =(R128*$J$5) -> 0 | K128: =(S128*$K$5)*(IF(B128>=Age,$K$1*VLOOKUP('Q-Rates'!B128-Age+1,'Q-Rates'!$BC$8:$BD$128,2,0),1)) -> 0 | L128: =(T128*$L$5)*(IF(B128>=Age,$L$1*VLOOKUP('Q-Rates'!B128-Age+1,'Q-Rates'!$BC$8:$BD$128,2,0),1)) -> 0 | M128: =RI!Y106/1000 -> 0 | N128: =RI!Z106/1000 -> 0 | O128: =RI!AB106/1000 -> 0 | P128: =RI!AC106/1000 -> 0 | Q128: =RI!AE106/1000 -> 0 | R128: =RI!AF106/1000 -> 0 | S128: =RI!AH106/1000 -> 0 | T128: =RI!AI106/1000 -> 0 | AL128: 0 | AO128: =AO127+1 -> 121 | AP128: 0 | AQ128: 0.1 | AR128: =IF($AO128>[1]Basic!$D$29,0,VLOOKUP(MIN($AO128,6),[1]Specs!$Q$5:$R$11,2,0)) -> 0 | AS128: 0.08 | AT128: =IF(AO128>PolicyTerm-2,0,3%) -> 0 | AV128: =AV127+1 -> 121 | AW128: =AP128*Lapse_Sens -> 0 | AX128: =AQ128*Lapse_Sens -> 0.1 | AY128: =AR128*Lapse_Sens -> 0 | AZ128: =AS128*Lapse_Sens -> 0.08 | BA128: =AT128*Lapse_Sens -> 0 | BC128: =BC127+1 -> 121 | BD128: =BD127 -> 1

Sheet RI
A1: HanRe | B1: 0.6 | C1: Death | G1: TPD | K1: ADB | O1: CI | S1: WOP | Y1: Death | Z1: 1 | AB1: TPD | AC1: 1 | AE1: ADB | AF1: 1 | AH1: CI | AI1: 0.8 | AK1: WOP | AL1: 1
A2: GenRe | B2: 0.4 | C2: HanRe | E2: GenRe | G2: HanRe | I2: GenRe | K2: HanRe | M2: GenRe | O2: HanRe | Q2: GenRe | S2: HanRe | U2: GenRe | Y2: Pricing | AB2: Pricing | AE2: Pricing | AH2: Pricing | AK2: Pricing
B3: Age | C3: Male | D3: Female | E3: Male | F3: Female | G3: Male | H3: Female | I3: Male | J3: Female | K3: Male | L3: Female | M3: Male | N3: Female | O3: Male | P3: Female | Q3: Male | R3: Female | S3: Male | T3: Female | U3: Male | V3: Female | X3: Age | Y3: Male | Z3: Female | AA3: Age | AB3: Male | AC3: Female | AD3: Age | AE3: Male | AF3: Female | AG3: Age | AH3: Male | AI3: Female | AJ3: Age | AK3: Male | AL3: Female
B4: 18 | C4: 0.76 | D4: 0.46 | E4: 0.7 | F4: 0.6 | G4: 0.11 | H4: 0.07 | I4: 0.24 | J4: 0.2 | K4: 0.31 | L4: 0.14 | M4: 1 | N4: 0.41 | O4: 0.09 | P4: 0.1 | Q4: 0.15 | R4: 0.15 | U4: 1.12 | V4: 0.97 | X4: 18 | Y4: =(C4*$B$1+E4*$B$2)*$Z$1 -> 0.736 | Z4: =(D4*$B$1+F4*$B$2)*$Z$1 -> 0.516 | AA4: 18 | AB4: =($B$1*G4+$B$2*I4)*$AC$1 -> 0.162 | AC4: =($B$1*H4+$B$2*J4)*$AC$1 -> 0.122 | AD4: 18 | AE4: =IF(K4="",($B$1+$B$2)*$N$14,($B$1*K4+$B$2*$N$14)*$AF$1) -> 0.3924 | AF4: =IF(L4="",($B$1+$B$2)*$N$14,($B$1*L4+$B$2*$N$14)*$AF$1) -> 0.2904 | AG4: 18 | AH4: =($B$1*O4+$B$2*Q4)*$AI$1 -> 0.0912 | AI4: =($B$1*P4+$B$2*R4)*$AI$1 -> 0.096 | AJ4: 18 | AK4: =U4*$AL$1 -> 1.12 | AL4: =V4*$AL$1 -> 0.97
B5: 19 | C5: 0.77 | D5: 0.49 | E5: 0.71 | F5: 0.6 | G5: 0.12 | H5: 0.07 | I5: 0.24 | J5: 0.2 | K5: 0.31 | L5: 0.14 | M5: 2 | N5: 0.51 | O5: 0.1 | P5: 0.11 | Q5: 0.15 | R5: 0.15 | U5: 1.15 | V5: 0.98 | X5: 19 | Y5: =(C5*$B$1+E5*$B$2)*$Z$1 -> 0.746 | Z5: =(D5*$B$1+F5*$B$2)*$Z$1 -> 0.534 | AA5: 19 | AB5: =($B$1*G5+$B$2*I5)*$AC$1 -> 0.168 | AC5: =($B$1*H5+$B$2*J5)*$AC$1 -> 0.122 | AD5: 19 | AE5: =IF(K5="",($B$1+$B$2)*$N$14,($B$1*K5+$B$2*$N$14)*$AF$1) -> 0.3924 | AF5: =IF(L5="",($B$1+$B$2)*$N$14,($B$1*L5+$B$2*$N$14)*$AF$1) -> 0.2904 | AG5: 19 | AH5: =($B$1*O5+$B$2*Q5)*$AI$1 -> 0.096 | AI5: =($B$1*P5+$B$2*R5)*$AI$1 -> 0.1008 | AJ5: 19 | AK5: =U5*$AL$1 -> 1.15 | AL5: =V5*$AL$1 -> 0.98
B6: 20 | C6: 0.79 | D6: 0.52 | E6: 0.73 | F6: 0.62 | G6: 0.12 | H6: 0.08 | I6: 0.25 | J6: 0.2 | K6: 0.32 | L6: 0.14 | M6: 3 | N6: 0.82 | O6: 0.11 | P6: 0.12 | Q6: 0.17 | R6: 0.15 | U6: 1.19 | V6: 1 | X6: 20 | Y6: =(C6*$B$1+E6*$B$2)*$Z$1 -> 0.766 | Z6: =(D6*$B$1+F6*$B$2)*$Z$1 -> 0.56 | AA6: 20 | AB6: =($B$1*G6+$B$2*I6)*$AC$1 -> 0.172 | AC6: =($B$1*H6+$B$2*J6)*$AC$1 -> 0.128 | AD6: 20 | AE6: =IF(K6="",($B$1+$B$2)*$N$14,($B$1*K6+$B$2*$N$14)*$AF$1) -> 0.3984 | AF6: =IF(L6="",($B$1+$B$2)*$N$14,($B$1*L6+$B$2*$N$14)*$AF$1) -> 0.2904 | AG6: 20 | AH6: =($B$1*O6+$B$2*Q6)*$AI$1 -> 0.1072 | AI6: =($B$1*P6+$B$2*R6)*$AI$1 -> 0.1056 | AJ6: 20 | AK6: =U6*$AL$1 -> 1.19 | AL6: =V6*$AL$1 -> 1
B7: 21 | C7: 0.8 | D7: 0.53 | E7: 0.75 | F7: 0.63 | G7: 0.12 | H7: 0.08 | I7: 0.25 | J7: 0.2 | K7: 0.32 | L7: 0.14 | M7: 4 | N7: 1.22 | O7: 0.12 | P7: 0.13 | Q7: 0.18 | R7: 0.15 | U7: 1.26 | V7: 1.05 | X7: 21 | Y7: =(C7*$B$1+E7*$B$2)*$Z$1 -> 0.78 | Z7: =(D7*$B$1+F7*$B$2)*$Z$1 -> 0.57 | AA7: 21 | AB7: =($B$1*G7+$B$2*I7)*$AC$1 -> 0.172 | AC7: =($B$1*H7+$B$2*J7)*$AC$1 -> 0.128 | AD7: 21 | AE7: =IF(K7="",($B$1+$B$2)*$N$14,($B$1*K7+$B$2*$N$14)*$AF$1) -> 0.3984 | AF7: =IF(L7="",($B$1+$B$2)*$N$14,($B$1*L7+$B$2*$N$14)*$AF$1) -> 0.2904 | AG7: 21 | AH7: =($B$1*O7+$B$2*Q7)*$AI$1 -> 0.1152 | AI7: =($B$1*P7+$B$2*R7)*$AI$1 -> 0.1104 | AJ7: 21 | AK7: =U7*$AL$1 -> 1.26 | AL7: =V7*$AL$1 -> 1.05
B8: 22 | C8: 0.8 | D8: 0.55 | E8: 0.77 | F8: 0.65 | G8: 0.12 | H8: 0.08 | I8: 0.25 | J8: 0.2 | K8: 0.32 | L8: 0.14 | O8: 0.13 | P8: 0.14 | Q8: 0.2 | R8: 0.17 | U8: 1.33 | V8: 1.12 | X8: 22 | Y8: =(C8*$B$1+E8*$B$2)*$Z$1 -> 0.788 | Z8: =(D8*$B$1+F8*$B$2)*$Z$1 -> 0.59 | AA8: 22 | AB8: =($B$1*G8+$B$2*I8)*$AC$1 -> 0.172 | AC8: =($B$1*H8+$B$2*J8)*$AC$1 -> 0.128 | AD8: 22 | AE8: =IF(K8="",($B$1+$B$2)*$N$14,($B$1*K8+$B$2*$N$14)*$AF$1) -> 0.3984 | AF8: =IF(L8="",($B$1+$B$2)*$N$14,($B$1*L8+$B$2*$N$14)*$AF$1) -> 0.2904 | AG8: 22 | AH8: =($B$1*O8+$B$2*Q8)*$AI$1 -> 0.1264 | AI8: =($B$1*P8+$B$2*R8)*$AI$1 -> 0.1216 | AJ8: 22 | AK8: =U8*$AL$1 -> 1.33 | AL8: =V8*$AL$1 -> 1.12
B9: 23 | C9: 0.79 | D9: 0.59 | E9: 0.83 | F9: 0.7 | G9: 0.12 | H9: 0.09 | I9: 0.24 | J9: 0.2 | K9: 0.31 | L9: 0.14 | M9: 1 | N9: 0.45 | O9: 0.14 | P9: 0.16 | Q9: 0.22 | R9: 0.19 | U9: 1.41 | V9: 1.17 | X9: 23 | Y9: =(C9*$B$1+E9*$B$2)*$Z$1 -> 0.806 | Z9: =(D9*$B$1+F9*$B$2)*$Z$1 -> 0.634 | AA9: 23 | AB9: =($B$1*G9+$B$2*I9)*$AC$1 -> 0.168 | AC9: =($B$1*H9+$B$2*J9)*$AC$1 -> 0.134 | AD9: 23 | AE9: =IF(K9="",($B$1+$B$2)*$N$14,($B$1*K9+$B$2*$N$14)*$AF$1) -> 0.3924 | AF9: =IF(L9="",($B$1+$B$2)*$N$14,($B$1*L9+$B$2*$N$14)*$AF$1) -> 0.2904 | AG9: 23 | AH9: =($B$1*O9+$B$2*Q9)*$AI$1 -> 0.1376 | AI9: =($B$1*P9+$B$2*R9)*$AI$1 -> 0.1376 | AJ9: 23 | AK9: =U9*$AL$1 -> 1.41 | AL9: =V9*$AL$1 -> 1.17
B10: 24 | C10: 0.82 | D10: 0.62 | E10: 0.89 | F10: 0.75 | G10: 0.12 | H10: 0.09 | I10: 0.24 | J10: 0.2 | K10: 0.31 | L10: 0.14 | M10: 2 | N10: 0.45 | O10: 0.15 | P10: 0.17 | Q10: 0.25 | R10: 0.21 | U10: 1.5 | V10: 1.22 | X10: 24 | Y10: =(C10*$B$1+E10*$B$2)*$Z$1 -> 0.848 | Z10: =(D10*$B$1+F10*$B$2)*$Z$1 -> 0.672 | AA10: 24 | AB10: =($B$1*G10+$B$2*I10)*$AC$1 -> 0.168 | AC10: =($B$1*H10+$B$2*J10)*$AC$1 -> 0.134 | AD10: 24 | AE10: =IF(K10="",($B$1+$B$2)*$N$14,($B$1*K10+$B$2*$N$14)*$AF$1) -> 0.3924 | AF10: =IF(L10="",($B$1+$B$2)*$N$14,($B$1*L10+$B$2*$N$14)*$AF$1) -> 0.2904 | AG10: 24 | AH10: =($B$1*O10+$B$2*Q10)*$AI$1 -> 0.152 | AI10: =($B$1*P10+$B$2*R10)*$AI$1 -> 0.1488 | AJ10: 24 | AK10: =U10*$AL$1 -> 1.5 | AL10: =V10*$AL$1 -> 1.22
B11: 25 | C11: 0.83 | D11: 0.62 | E11: 0.95 | F11: 0.78 | G11: 0.12 | H11: 0.09 | I11: 0.24 | J11: 0.2 | K11: 0.31 | L11: 0.14 | M11: 3 | N11: 0.05 | O11: 0.16 | P11: 0.19 | Q11: 0.27 | R11: 0.23 | U11: 1.58 | V11: 1.27 | X11: 25 | Y11: =(C11*$B$1+E11*$B$2)*$Z$1 -> 0.878 | Z11: =(D11*$B$1+F11*$B$2)*$Z$1 -> 0.684 | AA11: 25 | AB11: =($B$1*G11+$B$2*I11)*$AC$1 -> 0.168 | AC11: =($B$1*H11+$B$2*J11)*$AC$1 -> 0.134 | AD11: 25 | AE11: =IF(K11="",($B$1+$B$2)*$N$14,($B$1*K11+$B$2*$N$14)*$AF$1) -> 0.3924 | AF11: =IF(L11="",($B$1+$B$2)*$N$14,($B$1*L11+$B$2*$N$14)*$AF$1) -> 0.2904 | AG11: 25 | AH11: =($B$1*O11+$B$2*Q11)*$AI$1 -> 0.1632 | AI11: =($B$1*P11+$B$2*R11)*$AI$1 -> 0.1648 | AJ11: 25 | AK11: =U11*$AL$1 -> 1.58 | AL11: =V11*$AL$1 -> 1.27
B12: 26 | C12: 0.84 | D12: 0.64 | E12: 1.01 | F12: 0.81 | G12: 0.13 | H12: 0.1 | I12: 0.24 | J12: 0.2 | K12: 0.3 | L12: 0.14 | M12: 4 | N12: 0.05 | O12: 0.18 | P12: 0.21 | Q12: 0.29 | R12: 0.28 | U12: 1.63 | V12: 1.32 | X12: 26 | Y12: =(C12*$B$1+E12*$B$2)*$Z$1 -> 0.908 | Z12: =(D12*$B$1+F12*$B$2)*$Z$1 -> 0.708 | AA12: 26 | AB12: =($B$1*G12+$B$2*I12)*$AC$1 -> 0.174 | AC12: =($B$1*H12+$B$2*J12)*$AC$1 -> 0.14 | AD12: 26 | AE12: =IF(K12="",($B$1+$B$2)*$N$14,($B$1*K12+$B$2*$N$14)*$AF$1) -> 0.3864 | AF12: =IF(L12="",($B$1+$B$2)*$N$14,($B$1*L12+$B$2*$N$14)*$AF$1) -> 0.2904 | AG12: 26 | AH12: =($B$1*O12+$B$2*Q12)*$AI$1 -> 0.1792 | AI12: =($B$1*P12+$B$2*R12)*$AI$1 -> 0.1904 | AJ12: 26 | AK12: =U12*$AL$1 -> 1.63 | AL12: =V12*$AL$1 -> 1.32
B13: 27 | C13: 0.86 | D13: 0.65 | E13: 1.07 | F13: 0.84 | G13: 0.13 | H13: 0.1 | I13: 0.24 | J13: 0.2 | K13: 0.3 | L13: 0.14 | O13: 0.19 | P13: 0.23 | Q13: 0.32 | R13: 0.32 | U13: 1.7 | V13: 1.37 | X13: 27 | Y13: =(C13*$B$1+E13*$B$2)*$Z$1 -> 0.944 | Z13: =(D13*$B$1+F13*$B$2)*$Z$1 -> 0.726 | AA13: 27 | AB13: =($B$1*G13+$B$2*I13)*$AC$1 -> 0.174 | AC13: =($B$1*H13+$B$2*J13)*$AC$1 -> 0.14 | AD13: 27 | AE13: =IF(K13="",($B$1+$B$2)*$N$14,($B$1*K13+$B$2*$N$14)*$AF$1) -> 0.3864 | AF13: =IF(L13="",($B$1+$B$2)*$N$14,($B$1*L13+$B$2*$N$14)*$AF$1) -> 0.2904 | AG13: 27 | AH13: =($B$1*O13+$B$2*Q13)*$AI$1 -> 0.1936 | AI13: =($B$1*P13+$B$2*R13)*$AI$1 -> 0.2128 | AJ13: 27 | AK13: =U13*$AL$1 -> 1.7 | AL13: =V13*$AL$1 -> 1.37
B14: 28 | C14: 0.9 | D14: 0.67 | E14: 1.1 | F14: 0.84 | G14: 0.14 | H14: 0.1 | I14: 0.24 | J14: 0.2 | K14: 0.3 | L14: 0.14 | M14: All | N14: =SUMPRODUCT(N4:N7,N9:N12) -> 0.516 | O14: 0.22 | P14: 0.25 | Q14: 0.35 | R14: 0.36 | U14: 1.8 | V14: 1.47 | X14: 28 | Y14: =(C14*$B$1+E14*$B$2)*$Z$1 -> 0.98 | Z14: =(D14*$B$1+F14*$B$2)*$Z$1 -> 0.738 | AA14: 28 | AB14: =($B$1*G14+$B$2*I14)*$AC$1 -> 0.18 | AC14: =($B$1*H14+$B$2*J14)*$AC$1 -> 0.14 | AD14: 28 | AE14: =IF(K14="",($B$1+$B$2)*$N$14,($B$1*K14+$B$2*$N$14)*$AF$1) -> 0.3864 | AF14: =IF(L14="",($B$1+$B$2)*$N$14,($B$1*L14+$B$2*$N$14)*$AF$1) -> 0.2904 | AG14: 28 | AH14: =($B$1*O14+$B$2*Q14)*$AI$1 -> 0.2176 | AI14: =($B$1*P14+$B$2*R14)*$AI$1 -> 0.2352 | AJ14: 28 | AK14: =U14*$AL$1 -> 1.8 | AL14: =V14*$AL$1 -> 1.47
B15: 29 | C15: 0.9 | D15: 0.68 | E15: 1.14 | F15: 0.85 | G15: 0.14 | H15: 0.1 | I15: 0.24 | J15: 0.2 | K15: 0.3 | L15: 0.14 | O15: 0.25 | P15: 0.28 | Q15: 0.38 | R15: 0.39 | U15: 1.89 | V15: 1.56 | X15: 29 | Y15: =(C15*$B$1+E15*$B$2)*$Z$1 -> 0.996 | Z15: =(D15*$B$1+F15*$B$2)*$Z$1 -> 0.748 | AA15: 29 | AB15: =($B$1*G15+$B$2*I15)*$AC$1 -> 0.18 | AC15: =($B$1*H15+$B$2*J15)*$AC$1 -> 0.14 | AD15: 29 | AE15: =IF(K15="",($B$1+$B$2)*$N$14,($B$1*K15+$B$2*$N$14)*$AF$1) -> 0.3864 | AF15: =IF(L15="",($B$1+$B$2)*$N$14,($B$1*L15+$B$2*$N$14)*$AF$1) -> 0.2904 | AG15: 29 | AH15: =($B$1*O15+$B$2*Q15)*$AI$1 -> 0.2416 | AI15: =($B$1*P15+$B$2*R15)*$AI$1 -> 0.2592 | AJ15: 29 | AK15: =U15*$AL$1 -> 1.89 | AL15: =V15*$AL$1 -> 1.56
B16: 30 | C16: 0.92 | D16: 0.7 | E16: 1.21 | F16: 0.91 | G16: 0.14 | H16: 0.1 | I16: 0.24 | J16: 0.2 | K16: 0.31 | L16: 0.14 | O16: 0.28 | P16: 0.3 | Q16: 0.41 | R16: 0.42 | U16: 1.99 | V16: 1.65 | X16: 30 | Y16: =(C16*$B$1+E16*$B$2)*$Z$1 -> 1.036 | Z16: =(D16*$B$1+F16*$B$2)*$Z$1 -> 0.784 | AA16: 30 | AB16: =($B$1*G16+$B$2*I16)*$AC$1 -> 0.18 | AC16: =($B$1*H16+$B$2*J16)*$AC$1 -> 0.14 | AD16: 30 | AE16: =IF(K16="",($B$1+$B$2)*$N$14,($B$1*K16+$B$2*$N$14)*$AF$1) -> 0.3924 | AF16: =IF(L16="",($B$1+$B$2)*$N$14,($B$1*L16+$B$2*$N$14)*$AF$1) -> 0.2904 | AG16: 30 | AH16: =($B$1*O16+$B$2*Q16)*$AI$1 -> 0.2656 | AI16: =($B$1*P16+$B$2*R16)*$AI$1 -> 0.2784 | AJ16: 30 | AK16: =U16*$AL$1 -> 1.99 | AL16: =V16*$AL$1 -> 1.65
B17: 31 | C17: 0.98 | D17: 0.72 | E17: 1.27 | F17: 0.97 | G17: 0.15 | H17: 0.11 | I17: 0.24 | J17: 0.2 | K17: 0.31 | L17: 0.16 | O17: 0.31 | P17: 0.33 | Q17: 0.45 | R17: 0.45 | U17: 2.09 | V17: 1.75 | X17: 31 | Y17: =(C17*$B$1+E17*$B$2)*$Z$1 -> 1.096 | Z17: =(D17*$B$1+F17*$B$2)*$Z$1 -> 0.82 | AA17: 31 | AB17: =($B$1*G17+$B$2*I17)*$AC$1 -> 0.186 | AC17: =($B$1*H17+$B$2*J17)*$AC$1 -> 0.146 | AD17: 31 | AE17: =IF(K17="",($B$1+$B$2)*$N$14,($B$1*K17+$B$2*$N$14)*$AF$1) -> 0.3924 | AF17: =IF(L17="",($B$1+$B$2)*$N$14,($B$1*L17+$B$2*$N$14)*$AF$1) -> 0.3024 | AG17: 31 | AH17: =($B$1*O17+$B$2*Q17)*$AI$1 -> 0.2928 | AI17: =($B$1*P17+$B$2*R17)*$AI$1 -> 0.3024 | AJ17: 31 | AK17: =U17*$AL$1 -> 2.09 | AL17: =V17*$AL$1 -> 1.75
B18: 32 | C18: 1.06 | D18: 0.72 | E18: 1.34 | F18: 1.03 | G18: 0.16 | H18: 0.11 | I18: 0.24 | J18: 0.2 | K18: 0.31 | L18: 0.16 | O18: 0.35 | P18: 0.36 | Q18: 0.5 | R18: 0.48 | U18: 2.21 | V18: 1.84 | X18: 32 | Y18: =(C18*$B$1+E18*$B$2)*$Z$1 -> 1.172 | Z18: =(D18*$B$1+F18*$B$2)*$Z$1 -> 0.844 | AA18: 32 | AB18: =($B$1*G18+$B$2*I18)*$AC$1 -> 0.192 | AC18: =($B$1*H18+$B$2*J18)*$AC$1 -> 0.146 | AD18: 32 | AE18: =IF(K18="",($B$1+$B$2)*$N$14,($B$1*K18+$B$2*$N$14)*$AF$1) -> 0.3924 | AF18: =IF(L18="",($B$1+$B$2)*$N$14,($B$1*L18+$B$2*$N$14)*$AF$1) -> 0.3024 | AG18: 32 | AH18: =($B$1*O18+$B$2*Q18)*$AI$1 -> 0.328 | AI18: =($B$1*P18+$B$2*R18)*$AI$1 -> 0.3264 | AJ18: 32 | AK18: =U18*$AL$1 -> 2.21 | AL18: =V18*$AL$1 -> 1.84
B19: 33 | C19: 1.13 | D19: 0.74 | E19: 1.4 | F19: 1.1 | G19: 0.17 | H19: 0.11 | I19: 0.24 | J19: 0.2 | K19: 0.32 | L19: 0.16 | O19: 0.39 | P19: 0.39 | Q19: 0.55 | R19: 0.51 | U19: 2.4 | V19: 1.96 | X19: 33 | Y19: =(C19*$B$1+E19*$B$2)*$Z$1 -> 1.238 | Z19: =(D19*$B$1+F19*$B$2)*$Z$1 -> 0.884 | AA19: 33 | AB19: =($B$1*G19+$B$2*I19)*$AC$1 -> 0.198 | AC19: =($B$1*H19+$B$2*J19)*$AC$1 -> 0.146 | AD19: 33 | AE19: =IF(K19="",($B$1+$B$2)*$N$14,($B$1*K19+$B$2*$N$14)*$AF$1) -> 0.3984 | AF19: =IF(L19="",($B$1+$B$2)*$N$14,($B$1*L19+$B$2*$N$14)*$AF$1) -> 0.3024 | AG19: 33 | AH19: =($B$1*O19+$B$2*Q19)*$AI$1 -> 0.3632 | AI19: =($B$1*P19+$B$2*R19)*$AI$1 -> 0.3504 | AJ19: 33 | AK19: =U19*$AL$1 -> 2.4 | AL19: =V19*$AL$1 -> 1.96
B20: 34 | C20: 1.18 | D20: 0.74 | E20: 1.47 | F20: 1.16 | G20: 0.18 | H20: 0.11 | I20: 0.24 | J20: 0.2 | K20: 0.32 | L20: 0.16 | O20: 0.44 | P20: 0.42 | Q20: 0.6 | R20: 0.55 | U20: 2.59 | V20: 2.09 | X20: 34 | Y20: =(C20*$B$1+E20*$B$2)*$Z$1 -> 1.296 | Z20: =(D20*$B$1+F20*$B$2)*$Z$1 -> 0.908 | AA20: 34 | AB20: =($B$1*G20+$B$2*I20)*$AC$1 -> 0.204 | AC20: =($B$1*H20+$B$2*J20)*$AC$1 -> 0.146 | AD20: 34 | AE20: =IF(K20="",($B$1+$B$2)*$N$14,($B$1*K20+$B$2*$N$14)*$AF$1) -> 0.3984 | AF20: =IF(L20="",($B$1+$B$2)*$N$14,($B$1*L20+$B$2*$N$14)*$AF$1) -> 0.3024 | AG20: 34 | AH20: =($B$1*O20+$B$2*Q20)*$AI$1 -> 0.4032 | AI20: =($B$1*P20+$B$2*R20)*$AI$1 -> 0.3776 | AJ20: 34 | AK20: =U20*$AL$1 -> 2.59 | AL20: =V20*$AL$1 -> 2.09
B21: 35 | C21: 1.26 | D21: 0.76 | E21: 1.61 | F21: 1.25 | G21: 0.19 | H21: 0.11 | I21: 0.24 | J21: 0.2 | K21: 0.34 | L21: 0.16 | O21: 0.5 | P21: 0.46 | Q21: 0.67 | R21: 0.6 | U21: 2.81 | V21: 2.23 | X21: 35 | Y21: =(C21*$B$1+E21*$B$2)*$Z$1 -> 1.4 | Z21: =(D21*$B$1+F21*$B$2)*$Z$1 -> 0.956 | AA21: 35 | AB21: =($B$1*G21+$B$2*I21)*$AC$1 -> 0.21 | AC21: =($B$1*H21+$B$2*J21)*$AC$1 -> 0.146 | AD21: 35 | AE21: =IF(K21="",($B$1+$B$2)*$N$14,($B$1*K21+$B$2*$N$14)*$AF$1) -> 0.4104 | AF21: =IF(L21="",($B$1+$B$2)*$N$14,($B$1*L21+$B$2*$N$14)*$AF$1) -> 0.3024 | AG21: 35 | AH21: =($B$1*O21+$B$2*Q21)*$AI$1 -> 0.4544 | AI21: =($B$1*P21+$B$2*R21)*$AI$1 -> 0.4128 | AJ21: 35 | AK21: =U21*$AL$1 -> 2.81 | AL21: =V21*$AL$1 -> 2.23
B22: 36 | C22: 1.33 | D22: 0.79 | E22: 1.75 | F22: 1.34 | G22: 0.2 | H22: 0.12 | I22: 0.24 | J22: 0.2 | K22: 0.35 | L22: 0.16 | O22: 0.55 | P22: 0.5 | Q22: 0.74 | R22: 0.69 | U22: 3.01 | V22: 2.4 | X22: 36 | Y22: =(C22*$B$1+E22*$B$2)*$Z$1 -> 1.498 | Z22: =(D22*$B$1+F22*$B$2)*$Z$1 -> 1.01 | AA22: 36 | AB22: =($B$1*G22+$B$2*I22)*$AC$1 -> 0.216 | AC22: =($B$1*H22+$B$2*J22)*$AC$1 -> 0.152 | AD22: 36 | AE22: =IF(K22="",($B$1+$B$2)*$N$14,($B$1*K22+$B$2*$N$14)*$AF$1) -> 0.4164 | AF22: =IF(L22="",($B$1+$B$2)*$N$14,($B$1*L22+$B$2*$N$14)*$AF$1) -> 0.3024 | AG22: 36 | AH22: =($B$1*O22+$B$2*Q22)*$AI$1 -> 0.5008 | AI22: =($B$1*P22+$B$2*R22)*$AI$1 -> 0.4608 | AJ22: 36 | AK22: =U22*$AL$1 -> 3.01 | AL22: =V22*$AL$1 -> 2.4
B23: 37 | C23: 1.43 | D23: 0.83 | E23: 1.9 | F23: 1.43 | G23: 0.21 | H23: 0.12 | I23: 0.25 | J23: 0.2 | K23: 0.37 | L23: 0.17 | O23: 0.62 | P23: 0.54 | Q23: 0.83 | R23: 0.78 | U23: 3.25 | V23: 2.56 | X23: 37 | Y23: =(C23*$B$1+E23*$B$2)*$Z$1 -> 1.618 | Z23: =(D23*$B$1+F23*$B$2)*$Z$1 -> 1.07 | AA23: 37 | AB23: =($B$1*G23+$B$2*I23)*$AC$1 -> 0.226 | AC23: =($B$1*H23+$B$2*J23)*$AC$1 -> 0.152 | AD23: 37 | AE23: =IF(K23="",($B$1+$B$2)*$N$14,($B$1*K23+$B$2*$N$14)*$AF$1) -> 0.4284 | AF23: =IF(L23="",($B$1+$B$2)*$N$14,($B$1*L23+$B$2*$N$14)*$AF$1) -> 0.3084 | AG23: 37 | AH23: =($B$1*O23+$B$2*Q23)*$AI$1 -> 0.5632 | AI23: =($B$1*P23+$B$2*R23)*$AI$1 -> 0.5088 | AJ23: 37 | AK23: =U23*$AL$1 -> 3.25 | AL23: =V23*$AL$1 -> 2.56
B24: 38 | C24: 1.51 | D24: 0.86 | E24: 2.02 | F24: 1.51 | G24: 0.23 | H24: 0.13 | I24: 0.28 | J24: 0.2 | K24: 0.38 | L24: 0.17 | O24: 0.69 | P24: 0.59 | Q24: 0.94 | R24: 0.86 | U24: 3.5 | V24: 2.8 | X24: 38 | Y24: =(C24*$B$1+E24*$B$2)*$Z$1 -> 1.714 | Z24: =(D24*$B$1+F24*$B$2)*$Z$1 -> 1.12 | AA24: 38 | AB24: =($B$1*G24+$B$2*I24)*$AC$1 -> 0.25 | AC24: =($B$1*H24+$B$2*J24)*$AC$1 -> 0.158 | AD24: 38 | AE24: =IF(K24="",($B$1+$B$2)*$N$14,($B$1*K24+$B$2*$N$14)*$AF$1) -> 0.4344 | AF24: =IF(L24="",($B$1+$B$2)*$N$14,($B$1*L24+$B$2*$N$14)*$AF$1) -> 0.3084 | AG24: 38 | AH24: =($B$1*O24+$B$2*Q24)*$AI$1 -> 0.632 | AI24: =($B$1*P24+$B$2*R24)*$AI$1 -> 0.5584 | AJ24: 38 | AK24: =U24*$AL$1 -> 3.5 | AL24: =V24*$AL$1 -> 2.8
B25: 39 | C25: 1.6 | D25: 0.9 | E25: 2.14 | F25: 1.58 | G25: 0.24 | H25: 0.14 | I25: 0.3 | J25: 0.22 | K25: 0.4 | L25: 0.17 | O25: 0.78 | P25: 0.64 | Q25: 1.08 | R25: 0.96 | U25: 3.8 | V25: 3.06 | X25: 39 | Y25: =(C25*$B$1+E25*$B$2)*$Z$1 -> 1.816 | Z25: =(D25*$B$1+F25*$B$2)*$Z$1 -> 1.172 | AA25: 39 | AB25: =($B$1*G25+$B$2*I25)*$AC$1 -> 0.264 | AC25: =($B$1*H25+$B$2*J25)*$AC$1 -> 0.172 | AD25: 39 | AE25: =IF(K25="",($B$1+$B$2)*$N$14,($B$1*K25+$B$2*$N$14)*$AF$1) -> 0.4464 | AF25: =IF(L25="",($B$1+$B$2)*$N$14,($B$1*L25+$B$2*$N$14)*$AF$1) -> 0.3084 | AG25: 39 | AH25: =($B$1*O25+$B$2*Q25)*$AI$1 -> 0.72 | AI25: =($B$1*P25+$B$2*R25)*$AI$1 -> 0.6144 | AJ25: 39 | AK25: =U25*$AL$1 -> 3.8 | AL25: =V25*$AL$1 -> 3.06
B26: 40 | C26: 1.68 | D26: 0.96 | E26: 2.26 | F26: 1.72 | G26: 0.25 | H26: 0.14 | I26: 0.33 | J26: 0.25 | K26: 0.42 | L26: 0.18 | O26: 0.87 | P26: 0.69 | Q26: 1.26 | R26: 1.07 | U26: 4.13 | V26: 3.35 | X26: 40 | Y26: =(C26*$B$1+E26*$B$2)*$Z$1 -> 1.912 | Z26: =(D26*$B$1+F26*$B$2)*$Z$1 -> 1.264 | AA26: 40 | AB26: =($B$1*G26+$B$2*I26)*$AC$1 -> 0.282 | AC26: =($B$1*H26+$B$2*J26)*$AC$1 -> 0.184 | AD26: 40 | AE26: =IF(K26="",($B$1+$B$2)*$N$14,($B$1*K26+$B$2*$N$14)*$AF$1) -> 0.4584 | AF26: =IF(L26="",($B$1+$B$2)*$N$14,($B$1*L26+$B$2*$N$14)*$AF$1) -> 0.3144 | AG26: 40 | AH26: =($B$1*O26+$B$2*Q26)*$AI$1 -> 0.8208 | AI26: =($B$1*P26+$B$2*R26)*$AI$1 -> 0.6736 | AJ26: 40 | AK26: =U26*$AL$1 -> 4.13 | AL26: =V26*$AL$1 -> 3.35
... B63: 77 | C63: 39.25 | D63: 30.3 | E63: 56.86 | F63: 41.75 | G63: 9.81 | H63: 7.57 | I63: 13.73 | J63: 10.81 | K63: 4.41 | L63: 1.74 | O63: 5.64 | P63: 1.65 | Q63: 13.16 | R63: 2.89 | U63: 89.5 | V63: 59.85 | X63: 77 | Y63: =(C63*$B$1+E63*$B$2)*$Z$1 -> 46.294 | Z63: =(D63*$B$1+F63*$B$2)*$Z$1 -> 34.88 | AA63: 77 | AB63: =($B$1*G63+$B$2*I63)*$AC$1 -> 11.378 | AC63: =($B$1*H63+$B$2*J63)*$AC$1 -> 8.866 | AD63: 77 | AE63: =IF(K63="",($B$1+$B$2)*$N$14,($B$1*K63+$B$2*$N$14)*$AF$1) -> 2.8524 | AF63: =IF(L63="",($B$1+$B$2)*$N$14,($B$1*L63+$B$2*$N$14)*$AF$1) -> 1.2504 | AG63: 77 | AH63: =($B$1*O63+$B$2*Q63)*$AI$1 -> 6.9184 | AI63: =($B$1*P63+$B$2*R63)*$AI$1 -> 1.7168 | AJ63: 77 | AK63: =U63*$AL$1 -> 89.5 | AL63: =V63*$AL$1 -> 59.85

Sheet mort
A1: age | B1: cso80m | C1: cso80_f | D1: hanre_m | E1: hanre_f | F1: genre_m | G1: genre_f
A2: 0 | B2: 0.00263 | C2: 0.00188
A3: 1 | B3: 0.00103 | C3: 0.00084
A4: 2 | B4: 0.00099 | C4: 0.0008
A5: 3 | B5: 0.00097 | C5: 0.00078
A6: 4 | B6: 0.00093 | C6: 0.00077
A7: 5 | B7: 0.00088 | C7: 0.00075
A8: 6 | B8: 0.00083 | C8: 0.00073
A9: 7 | B9: 0.00078 | C9: 0.00071
A10: 8 | B10: 0.00075 | C10: 0.0007
A11: 9 | B11: 0.00074 | C11: 0.00069
A12: 10 | B12: 0.00075 | C12: 0.00068
A13: 11 | B13: 0.00081 | C13: 0.0007
... A19: 17 | B19: 0.00172 | C19: 0.00096
A20: 18 | B20: 0.00182 | C20: 0.001 | D20: 0.76 | E20: 0.46 | F20: 0.7 | G20: 0.6
A21: 19 | B21: 0.00188 | C21: 0.00103 | D21: 0.77 | E21: 0.49 | F21: 0.71 | G21: 0.6
A22: 20 | B22: 0.0019 | C22: 0.00106 | D22: 0.79 | E22: 0.52 | F22: 0.73 | G22: 0.62
A23: 21 | B23: 0.0019 | C23: 0.00108 | D23: 0.8 | E23: 0.53 | F23: 0.75 | G23: 0.63
A24: 22 | B24: 0.00188 | C24: 0.0011 | D24: 0.8 | E24: 0.55 | F24: 0.77 | G24: 0.65
A25: 23 | B25: 0.00184 | C25: 0.00112 | D25: 0.79 | E25: 0.59 | F25: 0.83 | G25: 0.7
A26: 24 | B26: 0.0018 | C26: 0.00115 | D26: 0.82 | E26: 0.62 | F26: 0.89 | G26: 0.75
A27: 25 | B27: 0.00175 | C27: 0.00117 | D27: 0.83 | E27: 0.62 | F27: 0.95 | G27: 0.78
A28: 26 | B28: 0.00172 | C28: 0.0012 | D28: 0.84 | E28: 0.64 | F28: 1.01 | G28: 0.81
A29: 27 | B29: 0.00171 | C29: 0.00124 | D29: 0.86 | E29: 0.65 | F29: 1.07 | G29: 0.84
A30: 28 | B30: 0.0017 | C30: 0.00128 | D30: 0.9 | E30: 0.67 | F30: 1.1 | G30: 0.84
A31: 29 | B31: 0.00172 | C31: 0.00132 | D31: 0.9 | E31: 0.68 | F31: 1.14 | G31: 0.85
... A79: 77 | B79: 0.08037 | C79: 0.05068 | D79: 39.25 | E79: 30.3 | F79: 56.86 | G79: 41.75
A80: 78 | B80: 0.08732 | C80: 0.05632
A81: 79 | B81: 0.09476 | C81: 0.06257
A82: 80 | B82: 0.10294 | C82: 0.06967
A83: 81 | B83: 0.11209 | C83: 0.07783
A84: 82 | B84: 0.12241 | C84: 0.08725
A85: 83 | B85: 0.13384 | C85: 0.0979
A86: 84 | B86: 0.14612 | C86: 0.10962
A87: 85 | B87: 0.15898 | C87: 0.12229
A88: 86 | B88: 0.17221 | C88: 0.13582
A89: 87 | B89: 0.18573 | C89: 0.15018
A90: 88 | B90: 0.19953 | C90: 0.16538
A91: 89 | B91: 0.21369 | C91: 0.18154
... A122: 120 | B122: 1 | C122: 1

Sheet acq_exp
A1: year | B1: acq_exp_01 | C1: acq_exp_02
A2: 1 | B2: 300 | C2: 200
A3: 2 | B3: 0 | C3: 0
A4: 3 | B4: 0 | C4: 0
A5: 4 | B5: 0 | C5: 0
A6: 5 | B6: 0 | C6: 0
A7: 6 | B7: 0 | C7: 0
A8: 7 | B8: 0 | C8: 0
A9: 8 | B9: 0 | C9: 0
A10: 9 | B10: 0 | C10: 0
A11: 10 | B11: 0 | C11: 0
A12: 11 | B12: 0 | C12: 0
A13: 12 | B13: 0 | C13: 0
... A21: 20 | B21: 0 | C21: 0

Sheet mtn_exp
A1: year | B1: mtn_exp_01 | C1: mtn_exp_02
A2: 1 | B2: 60 | C2: 40
A3: 2 | B3: 60 | C3: 40
A4: 3 | B4: 60 | C4: 40
A5: 4 | B5: 60 | C5: 40
A6: 5 | B6: 60 | C6: 40
A7: 6 | B7: 60 | C7: 40
A8: 7 | B8: 60 | C8: 40
A9: 8 | B9: 60 | C9: 40
A10: 9 | B10: 60 | C10: 40
A11: 10 | B11: 60 | C11: 40
A12: 11 | B12: 60 | C12: 40
A13: 12 | B13: 60 | C13: 40
... A21: 20 | B21: 60 | C21: 40

Sheet lapse
A1: year | B1: lapse_01 | C1: lapse_02
A2: 1 | B2: 0.4 | C2: 0.15
A3: 2 | B3: =B2-5% -> 0.35 | C3: 0.12
A4: 3 | B4: =B3-5% -> 0.3 | C4: 0.1
A5: 4 | B5: =B4-5% -> 0.25 | C5: 0.08
A6: 5 | B6: =B5-5% -> 0.2 | C6: 0.06
A7: 6 | B7: =B6-5% -> 0.15 | C7: 0.06
A8: 7 | B8: =B7-5% -> 0.1 | C8: 0.06
A9: 8 | B9: =B8-5% -> 0.05 | C9: 0.04
A10: 9 | B10: 0.02 | C10: 0.04
A11: 10 | B11: 0.02 | C11: 0.04
A12: 11 | B12: 0.02 | C12: 0.02
A13: 12 | B13: 0.02 | C13: 0.02
A14: 13 | B14: 0.02 | C14: 0.02
A15: 14 | B15: 0.02 | C15: 0
A16: 15 | B16: 0 | C16: 0
A17: 16 | B17: 0 | C17: 0
A18: 17 | B18: 0 | C18: 0
A19: 18 | B19: 0 | C19: 0
A20: 19 | B20: 0 | C20: 0
A21: 20 | B21: 0 | C21: 0
